nbhd_id,district,neighborhood,registered,voted,valid,yes,nop,turnout,valid_p,yes_p,nop_p,yes_r,nop_r,yes_no
101,ADALAR,BURGAZADA MAH.,1257,1055,1036,174,862,83.93,98.20,16.80,83.20,13.84,68.58,0.20
102,ADALAR,HEYBELIADA MAH.,2960,2590,2547,693,1854,87.50,98.34,27.21,72.79,23.41,62.64,0.37
103,ADALAR,KINALIADA MAH.,1648,1330,1315,347,968,80.70,98.87,26.39,73.61,21.06,58.74,0.36
104,ADALAR,MADEN MAH.,3522,3079,3050,865,2185,87.42,99.06,28.36,71.64,24.56,62.04,0.40
105,ADALAR,NIZAM MAH.,2509,2123,2100,567,1533,84.62,98.92,27.00,73.00,22.60,61.10,0.37
201,ARNAVUTKOY,ADNAN MENDERES MAH.,2555,2177,2136,1382,754,85.21,98.12,64.70,35.30,54.09,29.51,1.83
202,ARNAVUTKOY,ANADOLU MAH.,19234,16677,16360,11626,4734,86.71,98.10,71.06,28.94,60.45,24.61,2.46
203,ARNAVUTKOY,ARNAVUTKOY MERKEZ MAH.,11812,10349,10138,6895,3243,87.61,97.96,68.01,31.99,58.37,27.46,2.13
204,ARNAVUTKOY,BAKLALI MAH.,645,597,582,344,238,92.56,97.49,59.11,40.89,53.33,36.90,1.45
205,ARNAVUTKOY,BALABAN MAH.,356,310,304,106,198,87.08,98.06,34.87,65.13,29.78,55.62,0.54
206,ARNAVUTKOY,BOGAZKOY ISTIKLAL MAH.,5850,5112,4985,3398,1587,87.38,97.52,68.16,31.84,58.09,27.13,2.14
207,ARNAVUTKOY,BOLLUCA MAH.,4245,3699,3617,2552,1065,87.14,97.78,70.56,29.44,60.12,25.09,2.40
208,ARNAVUTKOY,BOYALIK MAH.,545,498,492,220,272,91.38,98.80,44.72,55.28,40.37,49.91,0.81
209,ARNAVUTKOY,CILINGIR MAH.,813,728,714,425,289,89.54,98.08,59.52,40.48,52.28,35.55,1.47
210,ARNAVUTKOY,DELIKLIKAYA MAH.,2385,2044,1976,870,1106,85.70,96.67,44.03,55.97,36.48,46.37,0.79
211,ARNAVUTKOY,DURSUNKOY MAH.,369,334,331,180,151,90.51,99.10,54.38,45.62,48.78,40.92,1.19
212,ARNAVUTKOY,DURUSU MAH.,568,525,501,190,311,92.43,95.43,37.92,62.08,33.45,54.75,0.61
213,ARNAVUTKOY,FATIH MAH.,1583,1360,1332,978,354,85.91,97.94,73.42,26.58,61.78,22.36,2.76
214,ARNAVUTKOY,HACIMASLI MAH.,423,400,395,243,152,94.56,98.75,61.52,38.48,57.45,35.93,1.60
215,ARNAVUTKOY,HADIMKOY MAH.,13443,11909,11734,7598,4136,88.59,98.53,64.75,35.25,56.52,30.77,1.84
216,ARNAVUTKOY,HARACCI MAH.,5260,4624,4518,2662,1856,87.91,97.71,58.92,41.08,50.61,35.29,1.43
217,ARNAVUTKOY,HASTANE MAH.,5226,4642,4566,2258,2308,88.83,98.36,49.45,50.55,43.21,44.16,0.98
218,ARNAVUTKOY,HICRET MAH.,1861,1652,1600,1183,417,88.77,96.85,73.94,26.06,63.57,22.41,2.84
219,ARNAVUTKOY,IMRAHOR MAH.,6077,5269,5122,3373,1749,86.70,97.21,65.85,34.15,55.50,28.78,1.93
220,ARNAVUTKOY,ISLAMBEY MAH.,11303,9872,9680,6918,2762,87.34,98.06,71.47,28.53,61.20,24.44,2.50
221,ARNAVUTKOY,KARABURUN MAH.,1202,1052,1021,604,417,87.52,97.05,59.16,40.84,50.25,34.69,1.45
222,ARNAVUTKOY,KARLIBAYIR MAH.,5271,4736,4644,3496,1148,89.85,98.06,75.28,24.72,66.33,21.78,3.05
223,ARNAVUTKOY,MARESAL FEVZI CAKMAK MAH.,2894,2628,2566,1942,624,90.81,97.64,75.68,24.32,67.10,21.56,3.11
224,ARNAVUTKOY,MAVIGOL MAH.,4118,3702,3623,2338,1285,89.90,97.87,64.53,35.47,56.78,31.20,1.82
225,ARNAVUTKOY,MEHMET AKIF ERSOY MAH.,4075,3632,3559,2610,949,89.13,97.99,73.34,26.66,64.05,23.29,2.75
226,ARNAVUTKOY,MERKEZ ATATURK MAH.,4511,4049,3951,2567,1384,89.76,97.58,64.97,35.03,56.91,30.68,1.85
227,ARNAVUTKOY,MUSTAFA KEMAL PASA MAH.,7738,6789,6630,4762,1868,87.74,97.66,71.83,28.17,61.54,24.14,2.55
228,ARNAVUTKOY,NENEHATUN MAH.,5238,4633,4551,3347,1204,88.45,98.23,73.54,26.46,63.90,22.99,2.78
229,ARNAVUTKOY,OMERLI MAH.,4013,3486,3412,1970,1442,86.87,97.88,57.74,42.26,49.09,35.93,1.37
230,ARNAVUTKOY,SAZLIBOSNA MAH.,913,835,824,427,397,91.46,98.68,51.82,48.18,46.77,43.48,1.08
231,ARNAVUTKOY,TASOLUK MAH.,3730,3265,3209,2400,809,87.53,98.28,74.79,25.21,64.34,21.69,2.97
232,ARNAVUTKOY,TAYAKADIN MAH.,3381,2747,2699,1750,949,81.25,98.25,64.84,35.16,51.76,28.07,1.84
233,ARNAVUTKOY,TERKOS MAH.,786,697,687,290,397,88.68,98.57,42.21,57.79,36.90,50.51,0.73
234,ARNAVUTKOY,YASSIOREN MAH.,403,363,357,159,198,90.07,98.35,44.54,55.46,39.45,49.13,0.80
235,ARNAVUTKOY,YAVUZ SELIM MAH.,6732,5768,5624,3877,1747,85.68,97.50,68.94,31.06,57.59,25.95,2.22
236,ARNAVUTKOY,YENIKOY MAH.,1142,1006,993,506,487,88.09,98.71,50.96,49.04,44.31,42.64,1.04
237,ARNAVUTKOY,YESILBAYIR MAH.,464,424,420,193,227,91.38,99.06,45.95,54.05,41.59,48.92,0.85
238,ARNAVUTKOY,YUNUS EMRE MAH.,9617,8494,8250,5428,2822,88.32,97.13,65.79,34.21,56.44,29.34,1.92
301,ATASEHIR,ASIKVEYSEL MAH.,9798,8803,8715,1881,6834,89.84,99.00,21.58,78.42,19.20,69.75,0.28
302,ATASEHIR,ATATURK MAH.,21306,19781,19612,2807,16805,92.84,99.15,14.31,85.69,13.17,78.87,0.17
303,ATASEHIR,BARBAROS MAH.,22634,20604,20357,6643,13714,91.03,98.80,32.63,67.37,29.35,60.59,0.48
304,ATASEHIR,ESATPASA MAH.,19635,17555,17302,8600,8702,89.41,98.56,49.71,50.29,43.80,44.32,0.99
305,ATASEHIR,FERHATPASA MAH.,14911,13129,12928,9247,3681,88.05,98.47,71.53,28.47,62.01,24.69,2.51
306,ATASEHIR,FETIH MAH.,9262,8467,8336,3622,4714,91.42,98.45,43.45,56.55,39.11,50.90,0.77
307,ATASEHIR,ICERENKOY MAH.,58686,53163,52539,20584,31955,90.59,98.83,39.18,60.82,35.07,54.45,0.64
308,ATASEHIR,INONU MAH.,19100,17091,16851,8477,8374,89.48,98.60,50.31,49.69,44.38,43.84,1.01
309,ATASEHIR,KAYISDAGI MAH.,30311,26924,26543,15147,11396,88.83,98.58,57.07,42.93,49.97,37.60,1.33
310,ATASEHIR,KUCUKBAKKALKOY MAH.,21708,19806,19553,6279,13274,91.24,98.72,32.11,67.89,28.92,61.15,0.47
311,ATASEHIR,MEVLANA MAH.,14224,12787,12605,6612,5993,89.90,98.58,52.46,47.54,46.48,42.13,1.10
312,ATASEHIR,MIMAR SINAN MAH.,7269,6491,6394,4523,1871,89.30,98.51,70.74,29.26,62.22,25.74,2.42
313,ATASEHIR,MUSTAFA KEMAL MAH.,11076,9816,9663,2595,7068,88.62,98.44,26.86,73.14,23.43,63.81,0.37
314,ATASEHIR,ORNEK MAH.,20336,18334,18108,8361,9747,90.16,98.77,46.17,53.83,41.11,47.93,0.86
315,ATASEHIR,YENI CAMLICA MAH.,10215,9232,9093,5270,3823,90.38,98.49,57.96,42.04,51.59,37.43,1.38
316,ATASEHIR,YENISAHRA MAH.,8215,7144,7020,4146,2874,86.96,98.26,59.06,40.94,50.47,34.98,1.44
317,ATASEHIR,YENISEHIR MAH.,9562,8769,8684,1988,6696,91.71,99.03,22.89,77.11,20.79,70.03,0.30
401,AVCILAR,AMBARLI MAH.,28912,25090,24767,8805,15962,86.78,98.71,35.55,64.45,30.45,55.21,0.55
402,AVCILAR,CIHANGIR MAH.,45594,39411,38959,16279,22680,86.44,98.85,41.78,58.22,35.70,49.74,0.72
403,AVCILAR,DENIZKOSKLER MAH.,33794,29227,28863,10433,18430,86.49,98.75,36.15,63.85,30.87,54.54,0.57
404,AVCILAR,FIRUZKOY MAH.,16029,14495,14319,3737,10582,90.43,98.79,26.10,73.90,23.31,66.02,0.35
405,AVCILAR,GUMUSPALA MAH.,29748,26127,25819,11467,14352,87.83,98.82,44.41,55.59,38.55,48.25,0.80
406,AVCILAR,MERKEZ MAH.,24165,20888,20677,7048,13629,86.44,98.99,34.09,65.91,29.17,56.40,0.52
407,AVCILAR,MUSTAFA KEMALPASA MAH.,33598,29758,29371,13344,16027,88.57,98.70,45.43,54.57,39.72,47.70,0.83
408,AVCILAR,TAHTAKALE MAH.,32415,29131,28794,15329,13465,89.87,98.84,53.24,46.76,47.29,41.54,1.14
409,AVCILAR,UNIVERSITE MAH.,14535,12792,12629,4894,7735,88.01,98.73,38.75,61.25,33.67,53.22,0.63
410,AVCILAR,YESILKENT MAH.,46246,40741,40013,16836,23177,88.10,98.21,42.08,57.92,36.41,50.12,0.73
501,BAGCILAR,100. YIL MAH.,32746,29180,28727,20195,8532,89.11,98.45,70.30,29.70,61.67,26.06,2.37
502,BAGCILAR,15 TEMMUZ MAH.,33902,29182,28733,18761,9972,86.08,98.46,65.29,34.71,55.34,29.41,1.88
503,BAGCILAR,BAGLAR MAH.,10646,9489,9358,4169,5189,89.13,98.62,44.55,55.45,39.16,48.74,0.80
504,BAGCILAR,BARBAROS MAH.,14916,13082,12880,8096,4784,87.70,98.46,62.86,37.14,54.28,32.07,1.69
505,BAGCILAR,CINAR MAH.,25750,22658,22307,14121,8186,87.99,98.45,63.30,36.70,54.84,31.79,1.73
506,BAGCILAR,DEMIRKAPI MAH.,36291,31725,31206,18816,12390,87.42,98.36,60.30,39.70,51.85,34.14,1.52
507,BAGCILAR,FATIH MAH.,30319,26718,26243,15676,10567,88.12,98.22,59.73,40.27,51.70,34.85,1.48
508,BAGCILAR,FEVZI CAKMAK MAH.,24171,21208,20902,12476,8426,87.74,98.56,59.69,40.31,51.62,34.86,1.48
509,BAGCILAR,GOZTEPE MAH.,23214,20421,20055,12830,7225,87.97,98.21,63.97,36.03,55.27,31.12,1.78
510,BAGCILAR,GUNESLI MAH.,31900,28078,27686,17386,10300,88.02,98.60,62.80,37.20,54.50,32.29,1.69
511,BAGCILAR,HURRIYET MAH.,18304,16102,15833,7812,8021,87.97,98.33,49.34,50.66,42.68,43.82,0.97
512,BAGCILAR,INONU MAH.,17385,15411,15211,9768,5443,88.65,98.70,64.22,35.78,56.19,31.31,1.79
513,BAGCILAR,KAZIM KARABEKIR MAH.,19549,17355,17055,10701,6354,88.78,98.27,62.74,37.26,54.74,32.50,1.68
514,BAGCILAR,KEMALPASA MAH.,23282,20582,20233,10953,9280,88.40,98.30,54.13,45.87,47.04,39.86,1.18
515,BAGCILAR,KIRAZLI MAH.,29795,26518,26087,16051,10036,89.00,98.37,61.53,38.47,53.87,33.68,1.60
516,BAGCILAR,MAHMUTBEY MAH.,16291,14452,14214,8606,5608,88.71,98.35,60.55,39.45,52.83,34.42,1.53
517,BAGCILAR,MERKEZ MAH.,18559,16268,16013,9214,6799,87.66,98.43,57.54,42.46,49.65,36.63,1.36
518,BAGCILAR,SANCAKTEPE MAH.,13755,12196,12021,6670,5351,88.67,98.57,55.49,44.51,48.49,38.90,1.25
519,BAGCILAR,YAVUZ SELIM MAH.,20519,18144,17880,11106,6774,88.43,98.54,62.11,37.89,54.13,33.01,1.64
520,BAGCILAR,YENIGUN MAH.,16630,14658,14467,9468,4999,88.14,98.70,65.45,34.55,56.93,30.06,1.89
521,BAGCILAR,YENIMAHALLE MAH.,24540,21831,21489,12025,9464,88.96,98.43,55.96,44.04,49.00,38.57,1.27
522,BAGCILAR,YILDIZTEPE MAH.,28176,24759,24387,15569,8818,87.87,98.50,63.84,36.16,55.26,31.30,1.77
601,BAHCELIEVLER,BAHCELIEVLER MAH.,46485,42099,41634,13207,28427,90.56,98.90,31.72,68.28,28.41,61.15,0.46
602,BAHCELIEVLER,COBANCESME MAH.,23254,20671,20363,12525,7838,88.89,98.51,61.51,38.49,53.86,33.71,1.60
603,BAHCELIEVLER,CUMHURIYET MAH.,30032,26409,26095,14162,11933,87.94,98.81,54.27,45.73,47.16,39.73,1.19
604,BAHCELIEVLER,FEVZI CAKMAK MAH.,19105,16814,16570,9628,6942,88.01,98.55,58.11,41.89,50.40,36.34,1.39
605,BAHCELIEVLER,HURRIYET MAH.,33247,28544,28150,15928,12222,85.85,98.62,56.58,43.42,47.91,36.76,1.30
606,BAHCELIEVLER,KOCASINAN MERKEZ MAH.,50863,45177,44540,22830,21710,88.82,98.59,51.26,48.74,44.89,42.68,1.05
607,BAHCELIEVLER,SIRINEVLER MAH.,41876,36033,35571,19237,16334,86.05,98.72,54.08,45.92,45.94,39.01,1.18
608,BAHCELIEVLER,SIYAVUSPASA MAH.,51421,44667,44113,18477,25636,86.87,98.76,41.89,58.11,35.93,49.86,0.72
609,BAHCELIEVLER,SOGANLI MAH.,53416,46787,46211,22682,23529,87.59,98.77,49.08,50.92,42.46,44.05,0.96
610,BAHCELIEVLER,YENIBOSNA MERKEZ MAH.,24185,21692,21411,10910,10501,89.69,98.70,50.96,49.04,45.11,43.42,1.04
611,BAHCELIEVLER,ZAFER MAH.,59613,52520,51727,29862,21865,88.10,98.49,57.73,42.27,50.09,36.68,1.37
701,BAKIRKOY,ATAKOY 1. KISIM MAH.,1354,1209,1196,210,986,89.29,98.92,17.56,82.44,15.51,72.82,0.21
702,BAKIRKOY,ATAKOY 2-5-6. KISIM MAH.,10297,9451,9329,1603,7726,91.78,98.71,17.18,82.82,15.57,75.03,0.21
703,BAKIRKOY,ATAKOY 3-4-11. KISIM MAH.,6571,6074,5996,803,5193,92.44,98.72,13.39,86.61,12.22,79.03,0.15
704,BAKIRKOY,ATAKOY 7-8-9-10. KISIM MAH.,18596,17152,16946,2413,14533,92.23,98.80,14.24,85.76,12.98,78.15,0.17
705,BAKIRKOY,BASINKOY MAH.,4437,3960,3899,1412,2487,89.25,98.46,36.21,63.79,31.82,56.05,0.57
706,BAKIRKOY,CEVIZLIK MAH.,4114,3452,3416,663,2753,83.91,98.96,19.41,80.59,16.12,66.92,0.24
707,BAKIRKOY,KARTALTEPE MAH.,30506,27305,26946,5958,20988,89.51,98.69,22.11,77.89,19.53,68.80,0.28
708,BAKIRKOY,OSMANIYE MAH.,18676,16496,16270,5590,10680,88.33,98.63,34.36,65.64,29.93,57.19,0.52
709,BAKIRKOY,SAKIZAGACI MAH.,6590,5538,5466,901,4565,84.04,98.70,16.48,83.52,13.67,69.27,0.20
710,BAKIRKOY,SENLIKKOY MAH.,20686,18436,18246,6430,11816,89.12,98.97,35.24,64.76,31.08,57.12,0.54
711,BAKIRKOY,YENIMAHALLE MAH.,5593,4760,4694,878,3816,85.11,98.61,18.70,81.30,15.70,68.23,0.23
712,BAKIRKOY,YESILKOY MAH.,17518,15119,14933,2171,12762,86.31,98.77,14.54,85.46,12.39,72.85,0.17
713,BAKIRKOY,YESILYURT MAH.,5145,4622,4577,804,3773,89.83,99.03,17.57,82.43,15.63,73.33,0.21
714,BAKIRKOY,ZEYTINLIK MAH.,4394,3738,3700,633,3067,85.07,98.98,17.11,82.89,14.41,69.80,0.21
715,BAKIRKOY,ZUHURATBABA MAH.,16441,14436,14284,2785,11499,87.80,98.95,19.50,80.50,16.94,69.94,0.24
801,BASAKSEHIR,ALTINSEHIR MAH.,9245,8142,8009,4557,3452,88.07,98.37,56.90,43.10,49.29,37.34,1.32
802,BASAKSEHIR,BAHCESEHIR 1. KISIM MAH.,14093,12988,12863,2901,9962,92.16,99.04,22.55,77.45,20.58,70.69,0.29
803,BASAKSEHIR,BAHCESEHIR 2. KISIM MAH.,27195,24418,24170,5726,18444,89.79,98.98,23.69,76.31,21.06,67.82,0.31
804,BASAKSEHIR,BASAK MAH.,43990,39743,39087,25269,13818,90.35,98.35,64.65,35.35,57.44,31.41,1.83
805,BASAKSEHIR,BASAKSEHIR MAH.,33572,30525,30075,19243,10832,90.92,98.53,63.98,36.02,57.32,32.26,1.78
806,BASAKSEHIR,GUVERCINTEPE MAH.,32218,28444,27912,14934,12978,88.29,98.13,53.50,46.50,46.35,40.28,1.15
807,BASAKSEHIR,KAYABASI MAH.,41515,37352,36835,26052,10783,89.97,98.62,70.73,29.27,62.75,25.97,2.42
808,BASAKSEHIR,SAHINTEPE MAH.,22608,19559,19143,9241,9902,86.51,97.87,48.27,51.73,40.87,43.80,0.93
809,BASAKSEHIR,SAMLAR MAH.,926,826,809,522,287,89.20,97.94,64.52,35.48,56.37,30.99,1.82
810,BASAKSEHIR,ZIYA GOKALP MAH.,12126,10560,10340,4274,6066,87.09,97.92,41.33,58.67,35.25,50.02,0.70
901,BAYRAMPASA,ALTINTEPSI MAH.,20648,18618,18401,9337,9064,90.17,98.83,50.74,49.26,45.22,43.90,1.03
902,BAYRAMPASA,CEVATPASA MAH.,13560,12221,12040,7268,4772,90.13,98.52,60.37,39.63,53.60,35.19,1.52
903,BAYRAMPASA,ISMET PASA MAH.,10725,9642,9535,5129,4406,89.90,98.89,53.79,46.21,47.82,41.08,1.16
904,BAYRAMPASA,KARTALTEPE MAH.,32658,29369,28963,15669,13294,89.93,98.62,54.10,45.90,47.98,40.71,1.18
905,BAYRAMPASA,KOCATEPE MAH.,14783,13339,13165,7651,5514,90.23,98.70,58.12,41.88,51.76,37.30,1.39
906,BAYRAMPASA,MURATPASA MAH.,25598,22997,22695,13439,9256,89.84,98.69,59.22,40.78,52.50,36.16,1.45
907,BAYRAMPASA,ORTA MAH.,11193,9905,9743,5409,4334,88.49,98.36,55.52,44.48,48.32,38.72,1.25
908,BAYRAMPASA,TERAZIDERE MAH.,11614,10490,10344,5198,5146,90.32,98.61,50.25,49.75,44.76,44.31,1.01
909,BAYRAMPASA,VATAN MAH.,7508,6598,6496,3289,3207,87.88,98.45,50.63,49.37,43.81,42.71,1.03
910,BAYRAMPASA,YENIDOGAN MAH.,13809,12244,12095,6243,5852,88.67,98.78,51.62,48.38,45.21,42.38,1.07
911,BAYRAMPASA,YILDIRIM MAH.,38124,34419,33993,15597,18396,90.28,98.76,45.88,54.12,40.91,48.25,0.85
1001,BESIKTAS,ABBASAGA MAH.,4324,3826,3769,801,2968,88.48,98.51,21.25,78.75,18.52,68.64,0.27
1002,BESIKTAS,AKAT MAH.,12081,10938,10839,1737,9102,90.54,99.09,16.03,83.97,14.38,75.34,0.19
1003,BESIKTAS,ARNAVUTKOY MAH.,3304,2820,2801,730,2071,85.35,99.33,26.06,73.94,22.09,62.68,0.35
1004,BESIKTAS,BALMUMCU MAH.,2374,2154,2129,271,1858,90.73,98.84,12.73,87.27,11.42,78.26,0.15
1005,BESIKTAS,BEBEK MAH.,4403,3840,3789,569,3220,87.21,98.67,15.02,84.98,12.92,73.13,0.18
1006,BESIKTAS,CIHANNUMA MAH.,3212,2795,2768,415,2353,87.02,99.03,14.99,85.01,12.92,73.26,0.18
1007,BESIKTAS,DIKILITAS MAH.,13853,12495,12339,2767,9572,90.20,98.75,22.42,77.58,19.97,69.10,0.29
1008,BESIKTAS,ETILER MAH.,9193,8324,8231,1069,7162,90.55,98.88,12.99,87.01,11.63,77.91,0.15
1009,BESIKTAS,GAYRETTEPE MAH.,11073,10111,10013,1548,8465,91.31,99.03,15.46,84.54,13.98,76.45,0.18
1010,BESIKTAS,KONAKLAR MAH.,11347,10461,10362,1502,8860,92.19,99.05,14.50,85.50,13.24,78.08,0.17
1011,BESIKTAS,KULTUR MAH.,3922,3511,3474,535,2939,89.52,98.95,15.40,84.60,13.64,74.94,0.18
1012,BESIKTAS,KURUCESME MAH.,2501,2187,2153,591,1562,87.45,98.45,27.45,72.55,23.63,62.46,0.38
1013,BESIKTAS,LEVAZIM MAH.,4624,4288,4259,519,3740,92.73,99.32,12.19,87.81,11.22,80.88,0.14
1014,BESIKTAS,LEVENT MAH.,2454,2191,2170,300,1870,89.28,99.04,13.82,86.18,12.22,76.20,0.16
1015,BESIKTAS,MECIDIYE MAH.,8605,7491,7408,1635,5773,87.05,98.89,22.07,77.93,19.00,67.09,0.28
1016,BESIKTAS,MURADIYE MAH.,4344,3855,3817,554,3263,88.74,99.01,14.51,85.49,12.75,75.12,0.17
1017,BESIKTAS,NISBETIYE MAH.,10000,9102,9025,1058,7967,91.02,99.15,11.72,88.28,10.58,79.67,0.13
1018,BESIKTAS,ORTAKOY MAH.,7263,6367,6289,1138,5151,87.66,98.77,18.10,81.90,15.67,70.92,0.22
1019,BESIKTAS,SINANPASA MAH.,2032,1667,1646,320,1326,82.04,98.74,19.44,80.56,15.75,65.26,0.24
1020,BESIKTAS,TURKALI MAH.,8742,7717,7637,1513,6124,88.27,98.96,19.81,80.19,17.31,70.05,0.25
1021,BESIKTAS,ULUS MAH.,5326,4800,4753,1037,3716,90.12,99.02,21.82,78.18,19.47,69.77,0.28
1022,BESIKTAS,VISNEZADE MAH.,5423,4860,4803,745,4058,89.62,98.83,15.51,84.49,13.74,74.83,0.18
1023,BESIKTAS,YILDIZ MAH.,4427,3904,3866,578,3288,88.19,99.03,14.95,85.05,13.06,74.27,0.18
1101,BEYKOZ,ACARLAR MAH.,5067,4640,4600,585,4015,91.57,99.14,12.72,87.28,11.55,79.24,0.15
1102,BEYKOZ,AKBABA MAH.,2042,1872,1848,1053,795,91.67,98.72,56.98,43.02,51.57,38.93,1.32
1103,BEYKOZ,ALIBAHADIR MAH.,569,522,512,329,183,91.74,98.08,64.26,35.74,57.82,32.16,1.80
1104,BEYKOZ,ANADOLU HISARI MAH.,2011,1796,1779,478,1301,89.31,99.05,26.87,73.13,23.77,64.69,0.37
1105,BEYKOZ,ANADOLU KAVAGI MAH.,968,859,848,328,520,88.74,98.72,38.68,61.32,33.88,53.72,0.63
1106,BEYKOZ,ANADOLUFENERI MAH.,534,485,475,293,182,90.82,97.94,61.68,38.32,54.87,34.08,1.61
1107,BEYKOZ,BAKLACI MAH.,2104,1894,1864,1455,409,90.02,98.42,78.06,21.94,69.15,19.44,3.56
1108,BEYKOZ,BOZHANE MAH.,383,357,353,190,163,93.21,98.88,53.82,46.18,49.61,42.56,1.17
1109,BEYKOZ,CAMLIBAHCE MAH.,4866,4350,4284,2192,2092,89.40,98.48,51.17,48.83,45.05,42.99,1.05
1110,BEYKOZ,CENGELDERE MAH.,3559,3269,3232,2471,761,91.85,98.87,76.45,23.55,69.43,21.38,3.25
1111,BEYKOZ,CIFTLIK MAH.,3757,3441,3390,2711,679,91.59,98.52,79.97,20.03,72.16,18.07,3.99
1112,BEYKOZ,CIGDEM MAH.,9154,8147,8009,3970,4039,89.00,98.31,49.57,50.43,43.37,44.12,0.98
1113,BEYKOZ,CUBUKLU MAH.,16050,14402,14163,8037,6126,89.73,98.34,56.75,43.25,50.07,38.17,1.31
1114,BEYKOZ,CUMHURIYET MAH.,1342,1209,1186,865,321,90.09,98.10,72.93,27.07,64.46,23.92,2.69
1115,BEYKOZ,DERESEKI MAH.,1167,1061,1045,629,416,90.92,98.49,60.19,39.81,53.90,35.65,1.51
1116,BEYKOZ,ELMALI MAH.,2217,2003,1981,1388,593,90.35,98.90,70.07,29.93,62.61,26.75,2.34
1117,BEYKOZ,FATIH MAH.,3196,2853,2815,1873,942,89.27,98.67,66.54,33.46,58.60,29.47,1.99
1118,BEYKOZ,GOKSU MAH.,2010,1815,1793,765,1028,90.30,98.79,42.67,57.33,38.06,51.14,0.74
1119,BEYKOZ,GOLLU MAH.,207,196,192,91,101,94.69,97.96,47.40,52.60,43.96,48.79,0.90
1120,BEYKOZ,GORELE MAH.,1443,1335,1325,585,740,92.52,99.25,44.15,55.85,40.54,51.28,0.79
1121,BEYKOZ,GOZTEPE MAH.,6101,5550,5508,1392,4116,90.97,99.24,25.27,74.73,22.82,67.46,0.34
1122,BEYKOZ,GUMUSSUYU MAH.,11125,9848,9694,5692,4002,88.52,98.44,58.72,41.28,51.16,35.97,1.42
1123,BEYKOZ,INCIRKOY MAH.,14060,12320,12139,6312,5827,87.62,98.53,52.00,48.00,44.89,41.44,1.08
1124,BEYKOZ,ISHAKLI MAH.,878,800,776,599,177,91.12,97.00,77.19,22.81,68.22,20.16,3.38
1125,BEYKOZ,KANLICA MAH.,3350,2970,2925,755,2170,88.66,98.48,25.81,74.19,22.54,64.78,0.35
1126,BEYKOZ,KAVACIK MAH.,16503,14848,14669,6893,7776,89.97,98.79,46.99,53.01,41.77,47.12,0.89
1127,BEYKOZ,KAYNARCA MAH.,446,419,410,319,91,93.95,97.85,77.80,22.20,71.52,20.40,3.51
1128,BEYKOZ,KILICLI MAH.,421,395,383,259,124,93.82,96.96,67.62,32.38,61.52,29.45,2.09
1129,BEYKOZ,MAHMUTSEVKETPASA MAH.,1397,1256,1231,720,511,89.91,98.01,58.49,41.51,51.54,36.58,1.41
1130,BEYKOZ,MERKEZ MAH.,4696,4082,4013,1728,2285,86.93,98.31,43.06,56.94,36.80,48.66,0.76
1131,BEYKOZ,OGUMCE MAH.,386,351,347,112,235,90.93,98.86,32.28,67.72,29.02,60.88,0.48
1132,BEYKOZ,ORNEKKOY MAH.,2845,2613,2579,1787,792,91.85,98.70,69.29,30.71,62.81,27.84,2.26
1133,BEYKOZ,ORTACESME MAH.,6173,5438,5347,3025,2322,88.09,98.33,56.57,43.43,49.00,37.62,1.30
1134,BEYKOZ,PASABAHCE MAH.,3219,2841,2798,908,1890,88.26,98.49,32.45,67.55,28.21,58.71,0.48
1135,BEYKOZ,PASAMANDIRA MAH.,780,719,705,547,158,92.18,98.05,77.59,22.41,70.13,20.26,3.46
1136,BEYKOZ,POLONEZKOY MAH.,288,253,250,78,172,87.85,98.81,31.20,68.80,27.08,59.72,0.45
1137,BEYKOZ,POYRAZKOY MAH.,742,629,628,497,131,84.77,99.84,79.14,20.86,66.98,17.65,3.79
1138,BEYKOZ,RIVA MAH.,1614,1449,1432,719,713,89.78,98.83,50.21,49.79,44.55,44.18,1.01
1139,BEYKOZ,RUZGARLIBAHCE MAH.,5770,5194,5098,3176,1922,90.02,98.15,62.30,37.70,55.04,33.31,1.65
1140,BEYKOZ,SOGUKSU MAH.,8247,7378,7247,3316,3931,89.46,98.22,45.76,54.24,40.21,47.67,0.84
1141,BEYKOZ,TOKATKOY MAH.,11391,10141,9959,6167,3792,89.03,98.21,61.92,38.08,54.14,33.29,1.63
1142,BEYKOZ,YALIKOY MAH.,4206,3677,3625,1498,2127,87.42,98.59,41.32,58.68,35.62,50.57,0.70
1143,BEYKOZ,YAVUZ SELIM MAH.,3517,3183,3116,2209,907,90.50,97.90,70.89,29.11,62.81,25.79,2.44
1144,BEYKOZ,YENI MAHALLE MAH.,14250,12427,12220,7303,4917,87.21,98.33,59.76,40.24,51.25,34.51,1.49
1145,BEYKOZ,ZERZAVATCI MAH.,681,634,625,446,179,93.10,98.58,71.36,28.64,65.49,26.28,2.49
1201,BEYLIKDUZU,ADNAN KAHVECI MAH.,55792,50032,49440,17402,32038,89.68,98.82,35.20,64.80,31.19,57.42,0.54
1202,BEYLIKDUZU,BARIS MAH.,37980,34600,34197,9595,24602,91.10,98.84,28.06,71.94,25.26,64.78,0.39
1203,BEYLIKDUZU,BUYUKSEHIR MAH.,16181,14634,14481,3647,10834,90.44,98.95,25.18,74.82,22.54,66.96,0.34
1204,BEYLIKDUZU,CUMHURIYET MAH.,15417,14146,14005,2951,11054,91.76,99.00,21.07,78.93,19.14,71.70,0.27
1205,BEYLIKDUZU,DEREAGZI MAH.,7208,6405,6312,3433,2879,88.86,98.55,54.39,45.61,47.63,39.94,1.19
1206,BEYLIKDUZU,GURPINAR MAH.,13209,11525,11342,6244,5098,87.25,98.41,55.05,44.95,47.27,38.59,1.22
1207,BEYLIKDUZU,KAVAKLI MAH.,16253,14628,14438,9071,5367,90.00,98.70,62.83,37.17,55.81,33.02,1.69
1208,BEYLIKDUZU,MARMARA MAH.,17613,16042,15793,9853,5940,91.08,98.45,62.39,37.61,55.94,33.73,1.66
1209,BEYLIKDUZU,SAHIL MAH.,2742,2398,2369,1320,1049,87.45,98.79,55.72,44.28,48.14,38.26,1.26
1210,BEYLIKDUZU,YAKUPLU MAH.,27644,24211,23808,13021,10787,87.58,98.34,54.69,45.31,47.10,39.02,1.21
1301,BEYOGLU,ARAP CAMI  MAH.,52,47,47,25,22,90.38,100.00,53.19,46.81,48.08,42.31,1.14
1302,BEYOGLU,ASMALI MESCIT  MAH.,344,257,254,51,203,74.71,98.83,20.08,79.92,14.83,59.01,0.25
1303,BEYOGLU,BEDRETTIN  MAH.,566,447,435,215,220,78.98,97.32,49.43,50.57,37.99,38.87,0.98
1304,BEYOGLU,BEREKETZADE  MAH.,277,234,231,70,161,84.48,98.72,30.30,69.70,25.27,58.12,0.43
1305,BEYOGLU,BOSTAN  MAH.,1653,1337,1316,474,842,80.88,98.43,36.02,63.98,28.68,50.94,0.56
1306,BEYOGLU,BULBUL  MAH.,2669,2039,2005,630,1375,76.40,98.33,31.42,68.58,23.60,51.52,0.46
1307,BEYOGLU,CAMIIKEBIR  MAH.,1936,1666,1641,921,720,86.05,98.50,56.12,43.88,47.57,37.19,1.28
1308,BEYOGLU,CATMA MESCIT  MAH.,1678,1463,1443,630,813,87.19,98.63,43.66,56.34,37.54,48.45,0.77
1309,BEYOGLU,CIHANGIR  MAH.,2644,2260,2238,375,1863,85.48,99.03,16.76,83.24,14.18,70.46,0.20
1310,BEYOGLU,CUKUR  MAH.,1829,1407,1373,357,1016,76.93,97.58,26.00,74.00,19.52,55.55,0.35
1311,BEYOGLU,EMEKYEMEZ  MAH.,107,75,70,32,38,70.09,93.33,45.71,54.29,29.91,35.51,0.84
1312,BEYOGLU,EVLIYA CELEBI  MAH.,215,180,176,65,111,83.72,97.78,36.93,63.07,30.23,51.63,0.59
1313,BEYOGLU,FETIHTEPE  MAH.,11706,10376,10271,5915,4356,88.64,98.99,57.59,42.41,50.53,37.21,1.36
1314,BEYOGLU,FIRUZAGA  MAH.,3203,2721,2672,880,1792,84.95,98.20,32.93,67.07,27.47,55.95,0.49
1315,BEYOGLU,GUMUSSUYU  MAH.,1471,1257,1243,158,1085,85.45,98.89,12.71,87.29,10.74,73.76,0.15
1316,BEYOGLU,HACIAHMET  MAH.,10400,8920,8781,2387,6394,85.77,98.44,27.18,72.82,22.95,61.48,0.37
1317,BEYOGLU,HACIMIMI  MAH.,964,780,767,337,430,80.91,98.33,43.94,56.06,34.96,44.61,0.78
1318,BEYOGLU,HALICIOGLU  MAH.,10209,8982,8878,4785,4093,87.98,98.84,53.90,46.10,46.87,40.09,1.17
1319,BEYOGLU,HUSEYINAGA  MAH.,267,151,149,61,88,56.55,98.68,40.94,59.06,22.85,32.96,0.69
1320,BEYOGLU,ISTIKLAL  MAH.,3520,2631,2583,1260,1323,74.74,98.18,48.78,51.22,35.80,37.59,0.95
1321,BEYOGLU,KADIMEHMET EFENDI MAH.,7729,6804,6705,4123,2582,88.03,98.54,61.49,38.51,53.34,33.41,1.60
1322,BEYOGLU,KALYONCU KULLUGU MAH.,2212,1682,1660,548,1112,76.04,98.69,33.01,66.99,24.77,50.27,0.49
1323,BEYOGLU,KAMER HATUN  MAH.,631,480,475,159,316,76.07,98.96,33.47,66.53,25.20,50.08,0.50
1324,BEYOGLU,KAPTANPASA  MAH.,14683,12827,12602,8089,4513,87.36,98.25,64.19,35.81,55.09,30.74,1.79
1325,BEYOGLU,KATIPMUSTAFA CELEBI MAH.,662,502,499,104,395,75.83,99.40,20.84,79.16,15.71,59.67,0.26
1326,BEYOGLU,KECECI PIRI  MAH.,10732,9481,9347,6011,3336,88.34,98.59,64.31,35.69,56.01,31.08,1.80
1327,BEYOGLU,KEMANKES KARAMUSTAFAPASA MAH.,77,65,65,25,40,84.42,100.00,38.46,61.54,32.47,51.95,0.63
1328,BEYOGLU,KILICALI PASA  MAH.,1920,1666,1652,271,1381,86.77,99.16,16.40,83.60,14.11,71.93,0.20
1329,BEYOGLU,KOCATEPE  MAH.,1366,1015,990,351,639,74.30,97.54,35.45,64.55,25.70,46.78,0.55
1330,BEYOGLU,KUCUK PIYALE  MAH.,6872,5950,5861,3235,2626,86.58,98.50,55.20,44.80,47.08,38.21,1.23
1331,BEYOGLU,KULAKSIZ  MAH.,7333,6310,6211,3964,2247,86.05,98.43,63.82,36.18,54.06,30.64,1.76
1332,BEYOGLU,KULOGLU  MAH.,1112,916,908,214,694,82.37,99.13,23.57,76.43,19.24,62.41,0.31
1333,BEYOGLU,MUEYYETZADE MAH.,361,302,297,91,206,83.66,98.34,30.64,69.36,25.21,57.06,0.44
1334,BEYOGLU,OMER AVNI  MAH.,1631,1425,1405,215,1190,87.37,98.60,15.30,84.70,13.18,72.96,0.18
1335,BEYOGLU,ORNEKTEPE  MAH.,7877,6942,6862,2995,3867,88.13,98.85,43.65,56.35,38.02,49.09,0.77
1336,BEYOGLU,PIRIPASA MAH.,11399,9931,9801,5821,3980,87.12,98.69,59.39,40.61,51.07,34.92,1.46
1337,BEYOGLU,PIYALEPASA  MAH.,17372,15577,15367,8150,7217,89.67,98.65,53.04,46.96,46.91,41.54,1.13
1338,BEYOGLU,PURTELAS HASAN EFENDI  MAH.,1460,1233,1219,170,1049,84.45,98.86,13.95,86.05,11.64,71.85,0.16
1339,BEYOGLU,SAHKULU  MAH.,648,536,525,182,343,82.72,97.95,34.67,65.33,28.09,52.93,0.53
1340,BEYOGLU,SEHIT MUHTAR  MAH.,1044,742,736,229,507,71.07,99.19,31.11,68.89,21.93,48.56,0.45
1341,BEYOGLU,SURURI MEHMET EFENDI  MAH.,3311,2779,2752,1141,1611,83.93,99.03,41.46,58.54,34.46,48.66,0.71
1342,BEYOGLU,SUTLUCE  MAH.,9140,8183,8091,5156,2935,89.53,98.88,63.73,36.27,56.41,32.11,1.76
1343,BEYOGLU,TOMTOM  MAH.,1964,1589,1571,854,717,80.91,98.87,54.36,45.64,43.48,36.51,1.19
1344,BEYOGLU,YAHYA KAHYA  MAH.,2825,2368,2332,1195,1137,83.82,98.48,51.24,48.76,42.30,40.25,1.05
1345,BEYOGLU,YENISEHIR  MAH.,4119,3345,3294,1141,2153,81.21,98.48,34.64,65.36,27.70,52.27,0.53
1401,BUYUKCEKMECE,19 MAYIS MAH.,6339,5626,5562,2388,3174,88.75,98.86,42.93,57.07,37.67,50.07,0.75
1402,BUYUKCEKMECE,AHMEDIYE MAH.,860,785,753,381,372,91.28,95.92,50.60,49.40,44.30,43.26,1.02
1403,BUYUKCEKMECE,ALKENT 2000 MAH.,2795,2522,2502,665,1837,90.23,99.21,26.58,73.42,23.79,65.72,0.36
1404,BUYUKCEKMECE,ATATURK MAH.,14149,12114,11986,3599,8387,85.62,98.94,30.03,69.97,25.44,59.28,0.43
1405,BUYUKCEKMECE,BAHCELIEVLER MAH.,2395,2127,2098,1191,907,88.81,98.64,56.77,43.23,49.73,37.87,1.31
1406,BUYUKCEKMECE,CAKMAKLI MAH.,3356,2990,2947,1361,1586,89.09,98.56,46.18,53.82,40.55,47.26,0.86
1407,BUYUKCEKMECE,CELALIYE MAH.,3940,3398,3351,1300,2051,86.24,98.62,38.79,61.21,32.99,52.06,0.63
1408,BUYUKCEKMECE,CUMHURIYET MAH.,5144,4540,4494,1701,2793,88.26,98.99,37.85,62.15,33.07,54.30,0.61
1409,BUYUKCEKMECE,DIZDARIYE MAH.,5155,4550,4479,2116,2363,88.26,98.44,47.24,52.76,41.05,45.84,0.90
1410,BUYUKCEKMECE,EKINOBA MAH.,8279,7275,7171,2645,4526,87.87,98.57,36.88,63.12,31.95,54.67,0.58
1411,BUYUKCEKMECE,FATIH MAH.,14804,12872,12715,4104,8611,86.95,98.78,32.28,67.72,27.72,58.17,0.48
1412,BUYUKCEKMECE,GUZELCE MAH.,4732,4199,4145,1322,2823,88.74,98.71,31.89,68.11,27.94,59.66,0.47
1413,BUYUKCEKMECE,HURRIYET MAH.,13660,12369,12143,8657,3486,90.55,98.17,71.29,28.71,63.37,25.52,2.48
1414,BUYUKCEKMECE,KAMILOBA MAH.,4933,4023,3973,1419,2554,81.55,98.76,35.72,64.28,28.77,51.77,0.56
1415,BUYUKCEKMECE,KARAAGAC MAH.,1552,1416,1392,673,719,91.24,98.31,48.35,51.65,43.36,46.33,0.94
1416,BUYUKCEKMECE,KUMBURGAZ MAH.,4815,4192,4133,1797,2336,87.06,98.59,43.48,56.52,37.32,48.52,0.77
1417,BUYUKCEKMECE,MIMAROBA MAH.,13204,11859,11724,3305,8419,89.81,98.86,28.19,71.81,25.03,63.76,0.39
1418,BUYUKCEKMECE,MIMARSINAN MAH.,6239,5444,5365,2857,2508,87.26,98.55,53.25,46.75,45.79,40.20,1.14
1419,BUYUKCEKMECE,MURAT CESME MAH.,9689,8665,8560,5681,2879,89.43,98.79,66.37,33.63,58.63,29.71,1.97
1420,BUYUKCEKMECE,PINARTEPE MAH.,11745,10138,10010,4311,5699,86.32,98.74,43.07,56.93,36.70,48.52,0.76
1421,BUYUKCEKMECE,SINANOBA MAH.,10797,9690,9587,2309,7278,89.75,98.94,24.08,75.92,21.39,67.41,0.32
1422,BUYUKCEKMECE,TURKOBA MAH.,8192,7264,7152,4343,2809,88.67,98.46,60.72,39.28,53.02,34.29,1.55
1423,BUYUKCEKMECE,ULUS MAH.,10625,9457,9323,6395,2928,89.01,98.58,68.59,31.41,60.19,27.56,2.18
1424,BUYUKCEKMECE,YENIMAHALLE MAH.,1446,1171,1163,470,693,80.98,99.32,40.41,59.59,32.50,47.93,0.68
1501,CATALCA,AKALAN MAH.,924,854,840,182,658,92.42,98.36,21.67,78.33,19.70,71.21,0.28
1502,CATALCA,ATATURK MAH.,1008,943,921,392,529,93.55,97.67,42.56,57.44,38.89,52.48,0.74
1503,CATALCA,AYDINLAR MAH.,720,663,635,458,177,92.08,95.78,72.13,27.87,63.61,24.58,2.59
1504,CATALCA,BAHSAYIS MAH.,288,278,272,134,138,96.53,97.84,49.26,50.74,46.53,47.92,0.97
1505,CATALCA,BASAK MAH.,319,298,292,68,224,93.42,97.99,23.29,76.71,21.32,70.22,0.30
1506,CATALCA,BELGRAT MAH.,303,273,272,95,177,90.10,99.63,34.93,65.07,31.35,58.42,0.54
1507,CATALCA,CAKIL MAH.,1887,1720,1687,645,1042,91.15,98.08,38.23,61.77,34.18,55.22,0.62
1508,CATALCA,CANAKCA MAH.,2040,1900,1845,906,939,93.14,97.11,49.11,50.89,44.41,46.03,0.96
1509,CATALCA,CELEPKOY MAH.,207,191,190,92,98,92.27,99.48,48.42,51.58,44.44,47.34,0.94
1510,CATALCA,CIFTLIKKOY MAH.,1550,1422,1408,191,1217,91.74,99.02,13.57,86.43,12.32,78.52,0.16
1511,CATALCA,DAGYENICE MAH.,598,582,575,171,404,97.32,98.80,29.74,70.26,28.60,67.56,0.42
1512,CATALCA,ELBASAN MAH.,492,436,412,106,306,88.62,94.50,25.73,74.27,21.54,62.20,0.35
1513,CATALCA,FATIH MAH.,1117,1050,1031,550,481,94.00,98.19,53.35,46.65,49.24,43.06,1.14
1514,CATALCA,FERHATPASA MAH.,15130,13572,13358,5172,8186,89.70,98.42,38.72,61.28,34.18,54.10,0.63
1515,CATALCA,GOKCEALI MAH.,1289,1192,1164,471,693,92.47,97.65,40.46,59.54,36.54,53.76,0.68
1516,CATALCA,GUMUSPINAR MAH.,723,652,643,239,404,90.18,98.62,37.17,62.83,33.06,55.88,0.59
1517,CATALCA,HALLACLI MAH.,996,909,892,319,573,91.27,98.13,35.76,64.24,32.03,57.53,0.56
1518,CATALCA,HISARBEYLI MAH.,313,274,269,112,157,87.54,98.18,41.64,58.36,35.78,50.16,0.71
1519,CATALCA,IHSANIYE MAH.,1375,1295,1282,244,1038,94.18,99.00,19.03,80.97,17.75,75.49,0.24
1520,CATALCA,INCEGIZ MAH.,626,546,527,278,249,87.22,96.52,52.75,47.25,44.41,39.78,1.12
1521,CATALCA,IZZETTIN MAH.,798,718,708,316,392,89.97,98.61,44.63,55.37,39.60,49.12,0.81
1522,CATALCA,KABAKCA MAH.,1321,1217,1195,573,622,92.13,98.19,47.95,52.05,43.38,47.09,0.92
1523,CATALCA,KALEICI MAH.,5142,4593,4518,1939,2579,89.32,98.37,42.92,57.08,37.71,50.16,0.75
1524,CATALCA,KALFA MAH.,636,582,570,146,424,91.51,97.94,25.61,74.39,22.96,66.67,0.34
1525,CATALCA,KARACAKOY MERKEZ MAH.,1914,1731,1688,897,791,90.44,97.52,53.14,46.86,46.87,41.33,1.13
1526,CATALCA,KARAMANDERE MAH.,451,400,396,165,231,88.69,99.00,41.67,58.33,36.59,51.22,0.71
1527,CATALCA,KESTANELIK MAH.,1734,1550,1528,597,931,89.39,98.58,39.07,60.93,34.43,53.69,0.64
1528,CATALCA,KIZILCAALI MAH.,186,174,171,39,132,93.55,98.28,22.81,77.19,20.97,70.97,0.30
1529,CATALCA,MURATBEY MERKEZ MAH.,1102,1028,1012,335,677,93.28,98.44,33.10,66.90,30.40,61.43,0.49
1530,CATALCA,NAKKAS MAH.,664,616,607,172,435,92.77,98.54,28.34,71.66,25.90,65.51,0.40
1531,CATALCA,OKLALI MAH.,975,866,848,528,320,88.82,97.92,62.26,37.74,54.15,32.82,1.65
1532,CATALCA,ORCUNLU MAH.,332,315,314,110,204,94.88,99.68,35.03,64.97,33.13,61.45,0.54
1533,CATALCA,ORENCIK MAH.,660,591,576,345,231,89.55,97.46,59.90,40.10,52.27,35.00,1.49
1534,CATALCA,ORMANLI MAH.,870,768,758,438,320,88.28,98.70,57.78,42.22,50.34,36.78,1.37
1535,CATALCA,OVAYENICE MAH.,931,839,827,241,586,90.12,98.57,29.14,70.86,25.89,62.94,0.41
1536,CATALCA,SUBASI MAH.,1156,1074,1042,427,615,92.91,97.02,40.98,59.02,36.94,53.20,0.69
1537,CATALCA,YALIKOY MAH.,1225,1106,1085,335,750,90.29,98.10,30.88,69.12,27.35,61.22,0.45
1538,CATALCA,YAYLACIK MAH.,56,60,60,3,57,107.14,100.00,5.00,95.00,5.36,101.79,0.05
1539,CATALCA,YAZLIK MAH.,303,280,267,127,140,92.41,95.36,47.57,52.43,41.91,46.20,0.91
1601,CEKMEKOY,ALEMDAG MAH.,3918,3500,3446,1743,1703,89.33,98.46,50.58,49.42,44.49,43.47,1.02
1602,CEKMEKOY,AYDINLAR MAH.,10694,9649,9509,4188,5321,90.23,98.55,44.04,55.96,39.16,49.76,0.79
1603,CEKMEKOY,CAMLIK MAH.,14536,13155,12972,6852,6120,90.50,98.61,52.82,47.18,47.14,42.10,1.12
1604,CEKMEKOY,CATALMESE MAH.,5217,4701,4626,2904,1722,90.11,98.40,62.78,37.22,55.66,33.01,1.69
1605,CEKMEKOY,CUMHURIYET MAH.,8006,7115,6980,3755,3225,88.87,98.10,53.80,46.20,46.90,40.28,1.16
1606,CEKMEKOY,EKSIOGLU MAH.,5033,4481,4412,3078,1334,89.03,98.46,69.76,30.24,61.16,26.51,2.31
1607,CEKMEKOY,GUNGOREN MAH.,5350,4831,4750,2957,1793,90.30,98.32,62.25,37.75,55.27,33.51,1.65
1608,CEKMEKOY,HAMIDIYE MAH.,20473,18656,18397,9006,9391,91.12,98.61,48.95,51.05,43.99,45.87,0.96
1609,CEKMEKOY,HUSEYINLI MAH.,574,527,507,312,195,91.81,96.20,61.54,38.46,54.36,33.97,1.60
1610,CEKMEKOY,KIRAZLIDERE MAH.,5521,5096,5051,2515,2536,92.30,99.12,49.79,50.21,45.55,45.93,0.99
1611,CEKMEKOY,KOCULLU MAH.,913,847,823,642,181,92.77,97.17,78.01,21.99,70.32,19.82,3.55
1612,CEKMEKOY,MEHMET AKIF MAH.,21289,19168,18873,10406,8467,90.04,98.46,55.14,44.86,48.88,39.77,1.23
1613,CEKMEKOY,MERKEZ MAH.,15957,14440,14266,7835,6431,90.49,98.80,54.92,45.08,49.10,40.30,1.22
1614,CEKMEKOY,MIMAR SINAN MAH.,16498,15182,14996,6732,8264,92.02,98.77,44.89,55.11,40.80,50.09,0.81
1615,CEKMEKOY,NISANTEPE MAH.,4861,4313,4230,2225,2005,88.73,98.08,52.60,47.40,45.77,41.25,1.11
1616,CEKMEKOY,OMERLI MAH.,2850,2599,2539,1007,1532,91.19,97.69,39.66,60.34,35.33,53.75,0.66
1617,CEKMEKOY,RESADIYE MAH.,1617,1470,1456,807,649,90.91,99.05,55.43,44.57,49.91,40.14,1.24
1618,CEKMEKOY,SIRAPINAR MAH.,658,618,613,259,354,93.92,99.19,42.25,57.75,39.36,53.80,0.73
1619,CEKMEKOY,SOGUKPINAR MAH.,5203,4692,4617,2723,1894,90.18,98.40,58.98,41.02,52.34,36.40,1.44
1620,CEKMEKOY,SULTANCIFTLIGI MAH.,10138,9165,9007,4531,4476,90.40,98.28,50.31,49.69,44.69,44.15,1.01
1621,CEKMEKOY,TASDELEN MAH.,4971,4433,4370,2222,2148,89.18,98.58,50.85,49.15,44.70,43.21,1.03
1701,ESENLER,BIRLIK MAH.,19779,17659,17423,11362,6061,89.28,98.66,65.21,34.79,57.44,30.64,1.87
1702,ESENLER,CIFTE HAVUZLAR MAH.,1863,1665,1646,839,807,89.37,98.86,50.97,49.03,45.03,43.32,1.04
1703,ESENLER,DAVUTPASA MAH.,11965,10571,10420,6113,4307,88.35,98.57,58.67,41.33,51.09,36.00,1.42
1704,ESENLER,FATIH MAH.,31503,27847,27430,20050,7380,88.39,98.50,73.10,26.90,63.64,23.43,2.72
1705,ESENLER,FEVZI CAKMAK MAH.,22875,20298,20001,12662,7339,88.73,98.54,63.31,36.69,55.35,32.08,1.73
1706,ESENLER,HAVAALANI MAH.,22464,20281,19980,14772,5208,90.28,98.52,73.93,26.07,65.76,23.18,2.84
1707,ESENLER,KAZIM KARABEKIR MAH.,24992,22228,21925,13526,8399,88.94,98.64,61.69,38.31,54.12,33.61,1.61
1708,ESENLER,KEMER MAH.,15154,13578,13371,8657,4714,89.60,98.48,64.74,35.26,57.13,31.11,1.84
1709,ESENLER,MENDERES MAH.,23129,20507,20249,13507,6742,88.66,98.74,66.70,33.30,58.40,29.15,2.00
1710,ESENLER,MIMAR SINAN MAH.,9635,8541,8426,5131,3295,88.65,98.65,60.89,39.11,53.25,34.20,1.56
1711,ESENLER,NAMIK KEMAL MAH.,11658,10501,10331,5804,4527,90.08,98.38,56.18,43.82,49.79,38.83,1.28
1712,ESENLER,NINE HATUN MAH.,30371,26695,26316,17139,9177,87.90,98.58,65.13,34.87,56.43,30.22,1.87
1713,ESENLER,ORUCREIS MAH.,29015,26001,25628,17350,8278,89.61,98.57,67.70,32.30,59.80,28.53,2.10
1714,ESENLER,TUNA MAH.,23189,20105,19805,13007,6798,86.70,98.51,65.68,34.32,56.09,29.32,1.91
1715,ESENLER,TURGUT REIS MAH.,32524,29059,28635,20909,7726,89.35,98.54,73.02,26.98,64.29,23.75,2.71
1716,ESENLER,YAVUZ SELIM MAH.,2722,2389,2336,1319,1017,87.77,97.78,56.46,43.54,48.46,37.36,1.30
1801,ESENYURT,AKCABURGAZ MAH.,10985,9638,9467,6558,2909,87.74,98.23,69.27,30.73,59.70,26.48,2.25
1802,ESENYURT,AKEVLER MAH.,6108,5042,4986,1806,3180,82.55,98.89,36.22,63.78,29.57,52.06,0.57
1803,ESENYURT,AKSEMSEDDIN MAH.,4165,3677,3632,1682,1950,88.28,98.78,46.31,53.69,40.38,46.82,0.86
1804,ESENYURT,ARDICLI MAH.,4473,3958,3903,1471,2432,88.49,98.61,37.69,62.31,32.89,54.37,0.60
1805,ESENYURT,ASIK VEYSEL MAH.,11603,10444,10333,2319,8014,90.01,98.94,22.44,77.56,19.99,69.07,0.29
1806,ESENYURT,ATATURK MAH.,7597,6690,6564,2380,4184,88.06,98.12,36.26,63.74,31.33,55.07,0.57
1807,ESENYURT,BAGLARCESME MAH.,17824,15219,14966,7596,7370,85.38,98.34,50.76,49.24,42.62,41.35,1.03
1808,ESENYURT,BALIKYOLU MAH.,15778,13631,13387,7332,6055,86.39,98.21,54.77,45.23,46.47,38.38,1.21
1809,ESENYURT,BARBAROS HAYRETTIN PASA MAH.,13476,11865,11746,3559,8187,88.05,99.00,30.30,69.70,26.41,60.75,0.43
1810,ESENYURT,BATTALGAZI MAH.,9446,8094,7940,4169,3771,85.69,98.10,52.51,47.49,44.14,39.92,1.11
1811,ESENYURT,CINAR MAH.,16784,14434,14182,6610,7572,86.00,98.25,46.61,53.39,39.38,45.11,0.87
1812,ESENYURT,CUMHURIYET MAH.,9472,8460,8358,2688,5670,89.32,98.79,32.16,67.84,28.38,59.86,0.47
1813,ESENYURT,ESENKENT  MAH.,7107,6505,6452,1435,5017,91.53,99.19,22.24,77.76,20.19,70.59,0.29
1814,ESENYURT,FATIH MAH.,15753,13466,13211,6800,6411,85.48,98.11,51.47,48.53,43.17,40.70,1.06
1815,ESENYURT,GOKEVLER MAH.,4646,4016,3968,1698,2270,86.44,98.80,42.79,57.21,36.55,48.86,0.75
1816,ESENYURT,GUZELYURT MAH.,9038,7758,7652,4145,3507,85.84,98.63,54.17,45.83,45.86,38.80,1.18
1817,ESENYURT,HURRIYET MAH.,14544,12509,12264,6563,5701,86.01,98.04,53.51,46.49,45.13,39.20,1.15
1818,ESENYURT,INCIRTEPE MAH.,16044,13821,13621,6418,7203,86.14,98.55,47.12,52.88,40.00,44.90,0.89
1819,ESENYURT,INONU MAH.,15272,13132,12905,6697,6208,85.99,98.27,51.89,48.11,43.85,40.65,1.08
1820,ESENYURT,ISTIKLAL MAH.,11303,9890,9731,5817,3914,87.50,98.39,59.78,40.22,51.46,34.63,1.49
1821,ESENYURT,KOZA MAH.,2796,2337,2312,497,1815,83.58,98.93,21.50,78.50,17.78,64.91,0.27
1822,ESENYURT,MEHMET AKIF ERSOY MAH.,14296,12079,11923,6562,5361,84.49,98.71,55.04,44.96,45.90,37.50,1.22
1823,ESENYURT,MEHTERCESME MAH.,22949,19729,19445,9621,9824,85.97,98.56,49.48,50.52,41.92,42.81,0.98
1824,ESENYURT,MEVLANA MAH.,10067,8997,8909,2653,6256,89.37,99.02,29.78,70.22,26.35,62.14,0.42
1825,ESENYURT,NAMIK KEMAL MAH.,14592,12737,12557,5981,6576,87.29,98.59,47.63,52.37,40.99,45.07,0.91
1826,ESENYURT,NECIP FAZIL KISAKUREK MAH.,9872,8395,8233,4522,3711,85.04,98.07,54.93,45.07,45.81,37.59,1.22
1827,ESENYURT,ORHAN GAZI MAH.,6180,5425,5337,2911,2426,87.78,98.38,54.54,45.46,47.10,39.26,1.20
1828,ESENYURT,ORNEK MAH.,12200,10582,10383,4801,5582,86.74,98.12,46.24,53.76,39.35,45.75,0.86
1829,ESENYURT,OSMANGAZI MAH.,19038,16479,16203,9249,6954,86.56,98.33,57.08,42.92,48.58,36.53,1.33
1830,ESENYURT,PINAR MAH.,21208,18018,17697,8303,9394,84.96,98.22,46.92,53.08,39.15,44.29,0.88
1831,ESENYURT,PIRI REIS MAH.,7021,6059,5995,2028,3967,86.30,98.94,33.83,66.17,28.88,56.50,0.51
1832,ESENYURT,SAADETDERE MAH.,14762,12887,12699,6521,6178,87.30,98.54,51.35,48.65,44.17,41.85,1.06
1833,ESENYURT,SEHITLER MAH.,9924,8503,8317,4693,3624,85.68,97.81,56.43,43.57,47.29,36.52,1.29
1834,ESENYURT,SELAHADDIN EYYUBI MAH.,12464,10503,10297,4615,5682,84.27,98.04,44.82,55.18,37.03,45.59,0.81
1835,ESENYURT,SULEYMANIYE MAH.,17360,15043,14803,7366,7437,86.65,98.40,49.76,50.24,42.43,42.84,0.99
1836,ESENYURT,SULTANIYE MAH.,10302,8717,8591,4589,4002,84.61,98.55,53.42,46.58,44.54,38.85,1.15
1837,ESENYURT,TALATPASA MAH.,15411,12995,12774,6513,6261,84.32,98.30,50.99,49.01,42.26,40.63,1.04
1838,ESENYURT,TURGUT OZAL MAH.,16016,14018,13800,7042,6758,87.52,98.44,51.03,48.97,43.97,42.20,1.04
1839,ESENYURT,UCEVLER MAH.,15625,13341,13109,6447,6662,85.38,98.26,49.18,50.82,41.26,42.64,0.97
1840,ESENYURT,YENIKENT MAH.,13015,11196,11032,4942,6090,86.02,98.54,44.80,55.20,37.97,46.79,0.81
1841,ESENYURT,YESILKENT MAH.,16960,13707,13524,5544,7980,80.82,98.66,40.99,59.01,32.69,47.05,0.69
1842,ESENYURT,YUNUS EMRE MAH.,11768,10109,9877,4880,4997,85.90,97.71,49.41,50.59,41.47,42.46,0.98
1843,ESENYURT,ZAFER MAH.,5621,4823,4755,1957,2798,85.80,98.59,41.16,58.84,34.82,49.78,0.70
1901,EYUPSULTAN,AGACLI MAH.,341,309,304,155,149,90.62,98.38,50.99,49.01,45.45,43.70,1.04
1902,EYUPSULTAN,AKPINAR MAH.,919,812,794,376,418,88.36,97.78,47.36,52.64,40.91,45.48,0.90
1903,EYUPSULTAN,AKSEMSETTIN MAH.,30212,27206,26832,11616,15216,90.05,98.63,43.29,56.71,38.45,50.36,0.76
1904,EYUPSULTAN,ALIBEYKOY MAH.,6674,5800,5719,3212,2507,86.90,98.60,56.16,43.84,48.13,37.56,1.28
1905,EYUPSULTAN,CIFTALAN MAH.,125,108,105,61,44,86.40,97.22,58.10,41.90,48.80,35.20,1.39
1906,EYUPSULTAN,CIRCIR MAH.,19730,17675,17413,9007,8406,89.58,98.52,51.73,48.27,45.65,42.61,1.07
1907,EYUPSULTAN,DEFTERDAR MAH.,3506,3101,3054,1883,1171,88.45,98.48,61.66,38.34,53.71,33.40,1.61
1908,EYUPSULTAN,DUGMECILER MAH.,14095,12707,12530,7173,5357,90.15,98.61,57.25,42.75,50.89,38.01,1.34
1909,EYUPSULTAN,EMNIYETTEPE MAH.,6273,5637,5565,2852,2713,89.86,98.72,51.25,48.75,45.46,43.25,1.05
1910,EYUPSULTAN,ESENTEPE MAH.,13708,12029,11851,6590,5261,87.75,98.52,55.61,44.39,48.07,38.38,1.25
1911,EYUPSULTAN,GOKTURK MERKEZ MAH.,24716,22437,22163,6131,16032,90.78,98.78,27.66,72.34,24.81,64.86,0.38
1912,EYUPSULTAN,GUZELTEPE MAH.,24922,22602,22317,7916,14401,90.69,98.74,35.47,64.53,31.76,57.78,0.55
1913,EYUPSULTAN,IHSANIYE MAH.,127,116,112,65,47,91.34,96.55,58.04,41.96,51.18,37.01,1.38
1914,EYUPSULTAN,ISIKLAR MAH.,428,394,382,244,138,92.06,96.95,63.87,36.13,57.01,32.24,1.77
1915,EYUPSULTAN,ISLAMBEY MAH.,11405,9855,9708,5274,4434,86.41,98.51,54.33,45.67,46.24,38.88,1.19
1916,EYUPSULTAN,KARADOLAP MAH.,19374,17508,17321,6277,11044,90.37,98.93,36.24,63.76,32.40,57.00,0.57
1917,EYUPSULTAN,MERKEZ MAH.,7983,6949,6842,4253,2589,87.05,98.46,62.16,37.84,53.28,32.43,1.64
1918,EYUPSULTAN,MIMAR SINAN MAH.,3008,2711,2667,1059,1608,90.13,98.38,39.71,60.29,35.21,53.46,0.66
1919,EYUPSULTAN,MITHATPASA MAH.,3899,3454,3398,1291,2107,88.59,98.38,37.99,62.01,33.11,54.04,0.61
1920,EYUPSULTAN,NISANCI MAH.,12652,11158,10992,6731,4261,88.19,98.51,61.24,38.76,53.20,33.68,1.58
1921,EYUPSULTAN,ODAYERI MAH.,172,167,162,76,86,97.09,97.01,46.91,53.09,44.19,50.00,0.88
1922,EYUPSULTAN,PIRINCCI MAH.,2484,2251,2206,1818,388,90.62,98.00,82.41,17.59,73.19,15.62,4.69
1923,EYUPSULTAN,RAMI CUMA MAH.,11004,9911,9777,4453,5324,90.07,98.65,45.55,54.45,40.47,48.38,0.84
1924,EYUPSULTAN,RAMI YENI MAH.,10574,9435,9317,4351,4966,89.23,98.75,46.70,53.30,41.15,46.96,0.88
1925,EYUPSULTAN,SAKARYA MAH.,7285,6343,6247,3329,2918,87.07,98.49,53.29,46.71,45.70,40.05,1.14
1926,EYUPSULTAN,SILAHTARAGA MAH.,6856,5997,5903,3509,2394,87.47,98.43,59.44,40.56,51.18,34.92,1.47
1927,EYUPSULTAN,TOPCULAR MAH.,3474,3077,3023,1593,1430,88.57,98.25,52.70,47.30,45.85,41.16,1.11
1928,EYUPSULTAN,YESILPINAR MAH.,26471,23847,23507,15104,8403,90.09,98.57,64.25,35.75,57.06,31.74,1.80
2001,FATIH,AKSARAY MAH.,6699,5405,5324,2085,3239,80.68,98.50,39.16,60.84,31.12,48.35,0.64
2002,FATIH,AKSEMSETTIN MAH.,14673,12494,12334,6494,5840,85.15,98.72,52.65,47.35,44.26,39.80,1.11
2003,FATIH,ALEMDAR MAH.,192,151,149,58,91,78.65,98.68,38.93,61.07,30.21,47.40,0.64
2004,FATIH,ALI KUSCU MAH.,7785,6898,6769,4948,1821,88.61,98.13,73.10,26.90,63.56,23.39,2.72
2005,FATIH,ATIKALI MAH.,10563,9433,9295,6787,2508,89.30,98.54,73.02,26.98,64.25,23.74,2.71
2006,FATIH,AYVANSARAY MAH.,13126,10896,10714,6963,3751,83.01,98.33,64.99,35.01,53.05,28.58,1.86
2007,FATIH,BALABANAGA MAH.,68,125,121,63,58,183.82,96.80,52.07,47.93,92.65,85.29,1.09
2008,FATIH,BALAT MAH.,10012,8810,8656,6553,2103,87.99,98.25,75.70,24.30,65.45,21.00,3.12
2009,FATIH,BEYAZIT MAH.,58,65,64,37,27,112.07,98.46,57.81,42.19,63.79,46.55,1.37
2010,FATIH,BINBIRDIREK MAH.,755,617,608,237,371,81.72,98.54,38.98,61.02,31.39,49.14,0.64
2011,FATIH,CANKURTARAN MAH.,844,770,757,351,406,91.23,98.31,46.37,53.63,41.59,48.10,0.86
2012,FATIH,CERRAHPASA MAH.,6622,5621,5529,2015,3514,84.88,98.36,36.44,63.56,30.43,53.07,0.57
2013,FATIH,CIBALI MAH.,5717,4909,4821,3174,1647,85.87,98.21,65.84,34.16,55.52,28.81,1.93
2014,FATIH,DEMIRTAS MAH.,173,162,159,98,61,93.64,98.15,61.64,38.36,56.65,35.26,1.61
2015,FATIH,DERVIS ALI MAH.,13760,12125,11919,7783,4136,88.12,98.30,65.30,34.70,56.56,30.06,1.88
2016,FATIH,EMIN SINAN MAH.,876,691,674,340,334,78.88,97.54,50.45,49.55,38.81,38.13,1.02
2017,FATIH,HACI KADIN MAH.,283,232,225,137,88,81.98,96.98,60.89,39.11,48.41,31.10,1.56
2018,FATIH,HASEKI SULTAN MAH.,7192,6058,5973,2146,3827,84.23,98.60,35.93,64.07,29.84,53.21,0.56
2019,FATIH,HIRKA-I SERIF MAH.,17117,14829,14618,8646,5972,86.63,98.58,59.15,40.85,50.51,34.89,1.45
2020,FATIH,HOBYAR MAH.,51,61,60,36,24,119.61,98.36,60.00,40.00,70.59,47.06,1.50
2021,FATIH,HOCA GIYASETTIN MAH.,530,423,416,201,215,79.81,98.35,48.32,51.68,37.92,40.57,0.93
2022,FATIH,HOCAPASA MAH.,112,107,106,48,58,95.54,99.07,45.28,54.72,42.86,51.79,0.83
2023,FATIH,ISKENDERPASA MAH.,9183,7662,7538,4100,3438,83.44,98.38,54.39,45.61,44.65,37.44,1.19
2024,FATIH,KALENDERHANE MAH.,368,326,321,94,227,88.59,98.47,29.28,70.72,25.54,61.68,0.41
2025,FATIH,KARAGUMRUK MAH.,7834,6445,6346,3832,2514,82.27,98.46,60.38,39.62,48.91,32.09,1.52
2026,FATIH,KATIP KASIM MAH.,1115,778,757,279,478,69.78,97.30,36.86,63.14,25.02,42.87,0.58
2027,FATIH,KEMALPASA MAH.,231,221,220,118,102,95.67,99.55,53.64,46.36,51.08,44.16,1.16
2028,FATIH,KOCA MUSTAFAPASA MAH.,16094,13450,13230,4591,8639,83.57,98.36,34.70,65.30,28.53,53.68,0.53
2029,FATIH,KUCUK AYASOFYA MAH.,1941,1615,1588,756,832,83.20,98.33,47.61,52.39,38.95,42.86,0.91
2030,FATIH,MERCAN MAH.,38,57,57,42,15,150.00,100.00,73.68,26.32,110.53,39.47,2.80
2031,FATIH,MESIHPASA MAH.,76,158,156,107,49,207.89,98.73,68.59,31.41,140.79,64.47,2.18
2032,FATIH,MEVLANAKAPI MAH.,14879,12931,12785,5853,6932,86.91,98.87,45.78,54.22,39.34,46.59,0.84
2033,FATIH,MIMAR HAYRETTIN MAH.,421,318,317,160,157,75.53,99.69,50.47,49.53,38.00,37.29,1.02
2034,FATIH,MIMAR KEMALETTIN MAH.,137,184,182,116,66,134.31,98.91,63.74,36.26,84.67,48.18,1.76
2035,FATIH,MOLLA FENARI MAH.,58,59,58,43,15,101.72,98.31,74.14,25.86,74.14,25.86,2.87
2036,FATIH,MOLLA GURANI MAH.,9844,8210,8108,3070,5038,83.40,98.76,37.86,62.14,31.19,51.18,0.61
2037,FATIH,MOLLA HUSREV MAH.,658,555,544,346,198,84.35,98.02,63.60,36.40,52.58,30.09,1.75
2038,FATIH,MUHSINE HATUN MAH.,1420,1103,1079,412,667,77.68,97.82,38.18,61.82,29.01,46.97,0.62
2039,FATIH,NISANCA MAH.,3021,2472,2431,934,1497,81.83,98.34,38.42,61.58,30.92,49.55,0.62
2040,FATIH,RUSTEMPASA MAH.,19,28,28,24,4,147.37,100.00,85.71,14.29,126.32,21.05,6.00
2041,FATIH,SARAC ISHAK MAH.,667,535,530,241,289,80.21,99.07,45.47,54.53,36.13,43.33,0.83
2042,FATIH,SARIDEMIR MAH.,12,200,190,149,41,1666.67,95.00,78.42,21.58,1241.67,341.67,3.63
2043,FATIH,SEHREMINI MAH.,16671,14406,14207,4716,9491,86.41,98.62,33.19,66.81,28.29,56.93,0.50
2044,FATIH,SEHSUVAR BEY MAH.,1324,1036,1025,443,582,78.25,98.94,43.22,56.78,33.46,43.96,0.76
2045,FATIH,SEYYID OMER MAH.,19475,16928,16684,6577,10107,86.92,98.56,39.42,60.58,33.77,51.90,0.65
2046,FATIH,SILIVRIKAPI MAH.,12945,11197,11024,4402,6622,86.50,98.45,39.93,60.07,34.01,51.15,0.66
2047,FATIH,SULEYMANIYE MAH.,371,320,317,190,127,86.25,99.06,59.94,40.06,51.21,34.23,1.50
2048,FATIH,SULTAN AHMET MAH.,580,506,503,274,229,87.24,99.41,54.47,45.53,47.24,39.48,1.20
2049,FATIH,SUMBUL EFENDI MAH.,12863,11126,10953,5335,5618,86.50,98.45,48.71,51.29,41.48,43.68,0.95
2050,FATIH,SURURI MAH.,26,38,38,28,10,146.15,100.00,73.68,26.32,107.69,38.46,2.80
2051,FATIH,TAHTAKALE MAH.,18,30,28,21,7,166.67,93.33,75.00,25.00,116.67,38.89,3.00
2052,FATIH,TAYA HATUN MAH.,88,67,67,34,33,76.14,100.00,50.75,49.25,38.64,37.50,1.03
2053,FATIH,TOPKAPI MAH.,7451,6382,6289,2500,3789,85.65,98.54,39.75,60.25,33.55,50.85,0.66
2054,FATIH,YAVUZ SINAN MAH.,217,175,174,112,62,80.65,99.43,64.37,35.63,51.61,28.57,1.81
2055,FATIH,YAVUZ SULTAN SELIM MAH.,13453,11730,11566,7838,3728,87.19,98.60,67.77,32.23,58.26,27.71,2.10
2056,FATIH,YEDIKULE MAH.,12506,10712,10503,4711,5792,85.65,98.05,44.85,55.15,37.67,46.31,0.81
2057,FATIH,ZEYREK MAH.,10239,8858,8695,5676,3019,86.51,98.16,65.28,34.72,55.44,29.49,1.88
2101,GAZIOSMANPASA,BAGLARBASI MAH.,22201,19242,18993,8493,10500,86.67,98.71,44.72,55.28,38.26,47.30,0.81
2102,GAZIOSMANPASA,BARBAROS HAYRETTIN PASA MAH.,35705,31545,31139,21682,9457,88.35,98.71,69.63,30.37,60.73,26.49,2.29
2103,GAZIOSMANPASA,FEVZI CAKMAK MAH.,15823,14230,14026,8996,5030,89.93,98.57,64.14,35.86,56.85,31.79,1.79
2104,GAZIOSMANPASA,HURRIYET MAH.,21150,18961,18727,10650,8077,89.65,98.77,56.87,43.13,50.35,38.19,1.32
2105,GAZIOSMANPASA,KARADENIZ MAH.,48800,43023,42369,29308,13061,88.16,98.48,69.17,30.83,60.06,26.76,2.24
2106,GAZIOSMANPASA,KARAYOLLARI MAH.,26061,23146,22763,9678,13085,88.81,98.35,42.52,57.48,37.14,50.21,0.74
2107,GAZIOSMANPASA,KARLITEPE MAH.,14705,13031,12868,5515,7353,88.62,98.75,42.86,57.14,37.50,50.00,0.75
2108,GAZIOSMANPASA,KAZIM KARABEKIR MAH.,31944,28451,28042,20044,7998,89.07,98.56,71.48,28.52,62.75,25.04,2.51
2109,GAZIOSMANPASA,MERKEZ MAH.,21800,18776,18548,7667,10881,86.13,98.79,41.34,58.66,35.17,49.91,0.70
2110,GAZIOSMANPASA,MEVLANA MAH.,16435,14598,14396,7933,6463,88.82,98.62,55.11,44.89,48.27,39.32,1.23
2111,GAZIOSMANPASA,PAZARICI MAH.,9718,8489,8364,3512,4852,87.35,98.53,41.99,58.01,36.14,49.93,0.72
2112,GAZIOSMANPASA,SARIGOL MAH.,18599,15868,15646,7279,8367,85.32,98.60,46.52,53.48,39.14,44.99,0.87
2113,GAZIOSMANPASA,SEMSIPASA MAH.,17998,15850,15646,8766,6880,88.07,98.71,56.03,43.97,48.71,38.23,1.27
2114,GAZIOSMANPASA,YENI MAHALLE MAH.,25662,22670,22314,13686,8628,88.34,98.43,61.33,38.67,53.33,33.62,1.59
2115,GAZIOSMANPASA,YENIDOGAN MAH.,6882,5883,5809,2544,3265,85.48,98.74,43.79,56.21,36.97,47.44,0.78
2116,GAZIOSMANPASA,YILDIZTABYA MAH.,19161,16751,16559,8539,8020,87.42,98.85,51.57,48.43,44.56,41.86,1.06
2201,GUNGOREN,ABDURRAHMAN NAFIZ GURMAN MAH.,17178,15305,15116,4821,10295,89.10,98.77,31.89,68.11,28.06,59.93,0.47
2202,GUNGOREN,AKINCILAR MAH.,15870,13971,13782,8220,5562,88.03,98.65,59.64,40.36,51.80,35.05,1.48
2203,GUNGOREN,GENCOSMAN MAH.,26439,23382,23074,13521,9553,88.44,98.68,58.60,41.40,51.14,36.13,1.42
2204,GUNGOREN,GUNESTEPE MAH.,36824,32437,31906,20008,11898,88.09,98.36,62.71,37.29,54.33,32.31,1.68
2205,GUNGOREN,GUVEN MAH.,13934,12206,12050,5763,6287,87.60,98.72,47.83,52.17,41.36,45.12,0.92
2206,GUNGOREN,HAZNEDAR MAH.,17012,15039,14849,6785,8064,88.40,98.74,45.69,54.31,39.88,47.40,0.84
2207,GUNGOREN,MARESAL CAKMAK MAH.,23690,20632,20301,11889,8412,87.09,98.40,58.56,41.44,50.19,35.51,1.41
2208,GUNGOREN,MEHMET NESIH OZMEN MAH.,7427,6744,6654,2610,4044,90.80,98.67,39.22,60.78,35.14,54.45,0.65
2209,GUNGOREN,MERKEZ MAH.,34207,29977,29562,17624,11938,87.63,98.62,59.62,40.38,51.52,34.90,1.48
2210,GUNGOREN,SANAYI MAH.,9667,8480,8372,4747,3625,87.72,98.73,56.70,43.30,49.11,37.50,1.31
2211,GUNGOREN,TOZKOPARAN MAH.,14723,12794,12623,5366,7257,86.90,98.66,42.51,57.49,36.45,49.29,0.74
2301,KADIKOY,19 MAYIS MAH.,24398,22585,22316,3755,18561,92.57,98.81,16.83,83.17,15.39,76.08,0.20
2302,KADIKOY,ACIBADEM MAH.,25214,23024,22747,4505,18242,91.31,98.80,19.80,80.20,17.87,72.35,0.25
2303,KADIKOY,BOSTANCI MAH.,25783,23482,23217,3612,19605,91.08,98.87,15.56,84.44,14.01,76.04,0.18
2304,KADIKOY,CADDEBOSTAN MAH.,14733,13278,13129,1474,11655,90.12,98.88,11.23,88.77,10.00,79.11,0.13
2305,KADIKOY,CAFERAGA MAH.,20280,17900,17672,1990,15682,88.26,98.73,11.26,88.74,9.81,77.33,0.13
2306,KADIKOY,DUMLUPINAR MAH.,8010,7027,6921,3463,3458,87.73,98.49,50.04,49.96,43.23,43.17,1.00
2307,KADIKOY,EGITIM MAH.,10451,9205,9083,3236,5847,88.08,98.67,35.63,64.37,30.96,55.95,0.55
2308,KADIKOY,ERENKOY MAH.,25086,23059,22813,4742,18071,91.92,98.93,20.79,79.21,18.90,72.04,0.26
2309,KADIKOY,FENERBAHCE MAH.,13977,12586,12459,1344,11115,90.05,98.99,10.79,89.21,9.62,79.52,0.12
2310,KADIKOY,FENERYOLU MAH.,20825,19058,18842,2408,16434,91.52,98.87,12.78,87.22,11.56,78.91,0.15
2311,KADIKOY,FIKIRTEPE MAH.,6979,5769,5673,3095,2578,82.66,98.34,54.56,45.44,44.35,36.94,1.20
2312,KADIKOY,GOZTEPE MAH.,28326,26037,25752,3173,22579,91.92,98.91,12.32,87.68,11.20,79.71,0.14
2313,KADIKOY,HASANPASA MAH.,12813,11259,11123,3514,7609,87.87,98.79,31.59,68.41,27.43,59.38,0.46
2314,KADIKOY,KOSUYOLU MAH.,6388,5847,5782,1200,4582,91.53,98.89,20.75,79.25,18.79,71.73,0.26
2315,KADIKOY,KOZYATAGI MAH.,27624,25546,25232,3939,21293,92.48,98.77,15.61,84.39,14.26,77.08,0.18
2316,KADIKOY,MERDIVENKOY MAH.,27110,24619,24307,6614,17693,90.81,98.73,27.21,72.79,24.40,65.26,0.37
2317,KADIKOY,OSMANAGA MAH.,6744,5750,5693,798,4895,85.26,99.01,14.02,85.98,11.83,72.58,0.16
2318,KADIKOY,RASIMPASA MAH.,11489,9895,9786,2125,7661,86.13,98.90,21.71,78.29,18.50,66.68,0.28
2319,KADIKOY,SAHRAYICEDIT MAH.,24976,23036,22748,5774,16974,92.23,98.75,25.38,74.62,23.12,67.96,0.34
2320,KADIKOY,SUADIYE MAH.,17743,16070,15895,1970,13925,90.57,98.91,12.39,87.61,11.10,78.48,0.14
2321,KADIKOY,ZUHTUPASA MAH.,6823,6154,6105,750,5355,90.19,99.20,12.29,87.71,10.99,78.48,0.14
2401,KAGITHANE,CAGLAYAN MAH.,21304,18399,18140,8528,9612,86.36,98.59,47.01,52.99,40.03,45.12,0.89
2402,KAGITHANE,CELIKTEPE MAH.,24783,21811,21540,11328,10212,88.01,98.76,52.59,47.41,45.71,41.21,1.11
2403,KAGITHANE,EMNIYET EVLERI MAH.,6530,5871,5813,2298,3515,89.91,99.01,39.53,60.47,35.19,53.83,0.65
2404,KAGITHANE,GULTEPE MAH.,10242,8931,8799,4793,4006,87.20,98.52,54.47,45.53,46.80,39.11,1.20
2405,KAGITHANE,GURSEL MAH.,21903,19222,18989,9927,9062,87.76,98.79,52.28,47.72,45.32,41.37,1.10
2406,KAGITHANE,HAMIDIYE MAH.,26111,23723,23369,13696,9673,90.85,98.51,58.61,41.39,52.45,37.05,1.42
2407,KAGITHANE,HARMANTEPE MAH.,16042,13993,13793,7447,6346,87.23,98.57,53.99,46.01,46.42,39.56,1.17
2408,KAGITHANE,HURRIYET MAH.,14957,13195,13015,7180,5835,88.22,98.64,55.17,44.83,48.00,39.01,1.23
2409,KAGITHANE,MEHMET AKIF ERSOY MAH.,9054,7913,7824,4803,3021,87.40,98.88,61.39,38.61,53.05,33.37,1.59
2410,KAGITHANE,MERKEZ MAH.,21045,18691,18439,9648,8791,88.81,98.65,52.32,47.68,45.84,41.77,1.10
2411,KAGITHANE,NURTEPE MAH.,18386,16523,16331,6276,10055,89.87,98.84,38.43,61.57,34.13,54.69,0.62
2412,KAGITHANE,ORTABAYIR MAH.,17671,15685,15491,6885,8606,88.76,98.76,44.45,55.55,38.96,48.70,0.80
2413,KAGITHANE,SEYRANTEPE MAH.,16314,14480,14306,7560,6746,88.76,98.80,52.84,47.16,46.34,41.35,1.12
2414,KAGITHANE,SIRINTEPE MAH.,15415,13585,13342,8815,4527,88.13,98.21,66.07,33.93,57.18,29.37,1.95
2415,KAGITHANE,SULTAN SELIM MAH.,26245,22837,22571,14204,8367,87.01,98.84,62.93,37.07,54.12,31.88,1.70
2416,KAGITHANE,TALATPASA MAH.,24759,21838,21588,13192,8396,88.20,98.86,61.11,38.89,53.28,33.91,1.57
2417,KAGITHANE,TELSIZLER MAH.,8945,7609,7480,3482,3998,85.06,98.30,46.55,53.45,38.93,44.70,0.87
2418,KAGITHANE,YAHYA KEMAL MAH.,12968,11085,10958,6337,4621,85.48,98.85,57.83,42.17,48.87,35.63,1.37
2419,KAGITHANE,YESILCE MAH.,8887,7780,7666,4680,2986,87.54,98.53,61.05,38.95,52.66,33.60,1.57
2501,KARTAL,ATALAR MAH.,23952,21523,21259,9382,11877,89.86,98.77,44.13,55.87,39.17,49.59,0.79
2502,KARTAL,CAVUSOGLU MAH.,10832,9810,9705,3572,6133,90.56,98.93,36.81,63.19,32.98,56.62,0.58
2503,KARTAL,CEVIZLI MAH.,20257,17996,17749,10699,7050,88.84,98.63,60.28,39.72,52.82,34.80,1.52
2504,KARTAL,CUMHURIYET MAH.,15862,14455,14269,4904,9365,91.13,98.71,34.37,65.63,30.92,59.04,0.52
2505,KARTAL,ESENTEPE MAH.,19566,17731,17471,9375,8096,90.62,98.53,53.66,46.34,47.91,41.38,1.16
2506,KARTAL,GUMUSPINAR MAH.,19230,17340,17074,8262,8812,90.17,98.47,48.39,51.61,42.96,45.82,0.94
2507,KARTAL,HURRIYET MAH.,35144,31398,30914,15863,15051,89.34,98.46,51.31,48.69,45.14,42.83,1.05
2508,KARTAL,KARLIKTEPE MAH.,24014,21783,21533,6530,15003,90.71,98.85,30.33,69.67,27.19,62.48,0.44
2509,KARTAL,KORDONBOYU MAH.,8986,8050,7962,1614,6348,89.58,98.91,20.27,79.73,17.96,70.64,0.25
2510,KARTAL,ORHANTEPE MAH.,22900,20503,20251,9582,10669,89.53,98.77,47.32,52.68,41.84,46.59,0.90
2511,KARTAL,ORTA MAH.,13584,12262,12116,6062,6054,90.27,98.81,50.03,49.97,44.63,44.57,1.00
2512,KARTAL,PETROL IS MAH.,22186,20179,19977,5574,14403,90.95,99.00,27.90,72.10,25.12,64.92,0.39
2513,KARTAL,SOGANLIK YENI MAH.,19624,17660,17421,8656,8765,89.99,98.65,49.69,50.31,44.11,44.66,0.99
2514,KARTAL,TOPSELVI MAH.,8816,7882,7747,4283,3464,89.41,98.29,55.29,44.71,48.58,39.29,1.24
2515,KARTAL,UGUR MUMCU MAH.,31515,28482,28139,9702,18437,90.38,98.80,34.48,65.52,30.79,58.50,0.53
2516,KARTAL,YAKACIK CARSI MAH.,11590,10429,10275,4051,6224,89.98,98.52,39.43,60.57,34.95,53.70,0.65
2517,KARTAL,YAKACIK YENI MAH.,11375,10250,10088,4923,5165,90.11,98.42,48.80,51.20,43.28,45.41,0.95
2518,KARTAL,YALI MAH.,8633,7724,7633,3932,3701,89.47,98.82,51.51,48.49,45.55,42.87,1.06
2519,KARTAL,YUKARI MAH.,6668,5903,5825,1647,4178,88.53,98.68,28.27,71.73,24.70,62.66,0.39
2520,KARTAL,YUNUS MAH.,11429,10286,10156,5024,5132,90.00,98.74,49.47,50.53,43.96,44.90,0.98
2601,KUCUKCEKMECE,ATAKENT MAH.,61453,55471,54934,13475,41459,90.27,99.03,24.53,75.47,21.93,67.46,0.33
2602,KUCUKCEKMECE,ATATURK MAH.,30090,26583,26171,12309,13862,88.34,98.45,47.03,52.97,40.91,46.07,0.89
2603,KUCUKCEKMECE,BESYOL MAH.,1513,1310,1288,548,740,86.58,98.32,42.55,57.45,36.22,48.91,0.74
2604,KUCUKCEKMECE,CENNET MAH.,23515,20877,20628,8015,12613,88.78,98.81,38.85,61.15,34.08,53.64,0.64
2605,KUCUKCEKMECE,CUMHURIYET MAH.,37255,33031,32580,15271,17309,88.66,98.63,46.87,53.13,40.99,46.46,0.88
2606,KUCUKCEKMECE,FATIH MAH.,8479,7353,7255,2599,4656,86.72,98.67,35.82,64.18,30.65,54.91,0.56
2607,KUCUKCEKMECE,FEVZI CAKMAK MAH.,18435,16440,16210,6647,9563,89.18,98.60,41.01,58.99,36.06,51.87,0.70
2608,KUCUKCEKMECE,GULTEPE MAH.,22399,19975,19755,8378,11377,89.18,98.90,42.41,57.59,37.40,50.79,0.74
2609,KUCUKCEKMECE,HALKALI MERKEZ MAH.,52696,46306,45616,19007,26609,87.87,98.51,41.67,58.33,36.07,50.50,0.71
2610,KUCUKCEKMECE,INONU MAH.,51288,45583,44889,24575,20314,88.88,98.48,54.75,45.25,47.92,39.61,1.21
2611,KUCUKCEKMECE,ISTASYON MAH.,26607,23596,23276,11091,12185,88.68,98.64,47.65,52.35,41.68,45.80,0.91
2612,KUCUKCEKMECE,KANARYA MAH.,43894,37949,37390,14653,22737,86.46,98.53,39.19,60.81,33.38,51.80,0.64
2613,KUCUKCEKMECE,KARTALTEPE MAH.,8916,7828,7723,3672,4051,87.80,98.66,47.55,52.45,41.18,45.44,0.91
2614,KUCUKCEKMECE,KEMALPASA MAH.,10917,9613,9491,3900,5591,88.06,98.73,41.09,58.91,35.72,51.21,0.70
2615,KUCUKCEKMECE,MEHMET AKIF MAH.,37166,33062,32541,18613,13928,88.96,98.42,57.20,42.80,50.08,37.48,1.34
2616,KUCUKCEKMECE,SOGUTLU CESME MAH.,23441,20550,20193,11737,8456,87.67,98.26,58.12,41.88,50.07,36.07,1.39
2617,KUCUKCEKMECE,SULTAN MURAT MAH.,10081,8963,8869,4576,4293,88.91,98.95,51.60,48.40,45.39,42.59,1.07
2618,KUCUKCEKMECE,TEVFIKBEY MAH.,26526,23467,23145,11591,11554,88.47,98.63,50.08,49.92,43.70,43.56,1.00
2619,KUCUKCEKMECE,YARIMBURGAZ MAH.,6763,5912,5828,3530,2298,87.42,98.58,60.57,39.43,52.20,33.98,1.54
2620,KUCUKCEKMECE,YENI MAHALLE MAH.,14414,12871,12705,5529,7176,89.30,98.71,43.52,56.48,38.36,49.78,0.77
2621,KUCUKCEKMECE,YESILOVA MAH.,25268,22468,22174,9950,12224,88.92,98.69,44.87,55.13,39.38,48.38,0.81
2701,MALTEPE,ALTAYCESME MAH.,23596,21496,21237,7165,14072,91.10,98.80,33.74,66.26,30.37,59.64,0.51
2702,MALTEPE,ALTINTEPE MAH.,25587,22925,22670,5509,17161,89.60,98.89,24.30,75.70,21.53,67.07,0.32
2703,MALTEPE,AYDINEVLER MAH.,14090,12797,12640,5147,7493,90.82,98.77,40.72,59.28,36.53,53.18,0.69
2704,MALTEPE,BAGLARBASI MAH.,33079,29377,29056,10750,18306,88.81,98.91,37.00,63.00,32.50,55.34,0.59
2705,MALTEPE,BASIBUYUK MAH.,15732,13955,13743,7708,6035,88.70,98.48,56.09,43.91,49.00,38.36,1.28
2706,MALTEPE,BUYUKBAKKALKOY MAH.,1373,1111,1097,563,534,80.92,98.74,51.32,48.68,41.01,38.89,1.05
2707,MALTEPE,CEVIZLI MAH.,26335,23278,22981,10172,12809,88.39,98.72,44.26,55.74,38.63,48.64,0.79
2708,MALTEPE,CINAR MAH.,15741,14199,14060,3509,10551,90.20,99.02,24.96,75.04,22.29,67.03,0.33
2709,MALTEPE,ESENKENT MAH.,17301,15431,15234,6496,8738,89.19,98.72,42.64,57.36,37.55,50.51,0.74
2710,MALTEPE,FEYZULLAH MAH.,15939,14241,14072,3453,10619,89.35,98.81,24.54,75.46,21.66,66.62,0.33
2711,MALTEPE,FINDIKLI MAH.,42103,36425,35978,20450,15528,86.51,98.77,56.84,43.16,48.57,36.88,1.32
2712,MALTEPE,GIRNE MAH.,11860,10850,10716,4128,6588,91.48,98.76,38.52,61.48,34.81,55.55,0.63
2713,MALTEPE,GULENSU MAH.,11944,10793,10669,2331,8338,90.36,98.85,21.85,78.15,19.52,69.81,0.28
2714,MALTEPE,GULSUYU MAH.,11632,10285,10151,4567,5584,88.42,98.70,44.99,55.01,39.26,48.01,0.82
2715,MALTEPE,IDEALTEPE MAH.,17010,15561,15396,3589,11807,91.48,98.94,23.31,76.69,21.10,69.41,0.30
2716,MALTEPE,KUCUKYALI MERKEZ MAH.,20827,18671,18451,5347,13104,89.65,98.82,28.98,71.02,25.67,62.92,0.41
2717,MALTEPE,YALI MAH.,10002,8975,8891,2416,6475,89.73,99.06,27.17,72.83,24.16,64.74,0.37
2718,MALTEPE,ZUMRUTEVLER MAH.,55756,50002,49368,21863,27505,89.68,98.73,44.29,55.71,39.21,49.33,0.79
2801,PENDIK,AHMET YESEVI MAH.,18093,15857,15617,7932,7685,87.64,98.49,50.79,49.21,43.84,42.47,1.03
2802,PENDIK,BAHCELIEVLER MAH.,9122,8156,8026,3500,4526,89.41,98.41,43.61,56.39,38.37,49.62,0.77
2803,PENDIK,BALLICA MAH.,325,301,298,187,111,92.62,99.00,62.75,37.25,57.54,34.15,1.68
2804,PENDIK,BATI MAH.,12234,10844,10722,2853,7869,88.64,98.87,26.61,73.39,23.32,64.32,0.36
2805,PENDIK,CAMCESME MAH.,22568,20152,19865,14376,5489,89.29,98.58,72.37,27.63,63.70,24.32,2.62
2806,PENDIK,CAMLIK MAH.,9465,8516,8397,4489,3908,89.97,98.60,53.46,46.54,47.43,41.29,1.15
2807,PENDIK,CINARDERE MAH.,13539,12009,11827,7098,4729,88.70,98.48,60.02,39.98,52.43,34.93,1.50
2808,PENDIK,DOGU MAH.,12150,10836,10701,4202,6499,89.19,98.75,39.27,60.73,34.58,53.49,0.65
2809,PENDIK,DUMLUPINAR MAH.,18428,16314,16064,10824,5240,88.53,98.47,67.38,32.62,58.74,28.43,2.07
2810,PENDIK,EMIRLI MAH.,195,172,170,104,66,88.21,98.84,61.18,38.82,53.33,33.85,1.58
2811,PENDIK,ERTUGRUL GAZI MAH.,10739,9470,9265,5384,3881,88.18,97.84,58.11,41.89,50.14,36.14,1.39
2812,PENDIK,ESENLER MAH.,21474,19395,19126,13235,5891,90.32,98.61,69.20,30.80,61.63,27.43,2.25
2813,PENDIK,ESENYALI MAH.,9580,8502,8369,5774,2595,88.75,98.44,68.99,31.01,60.27,27.09,2.23
2814,PENDIK,FATIH MAH.,14532,12686,12535,7972,4563,87.30,98.81,63.60,36.40,54.86,31.40,1.75
2815,PENDIK,FEVZI CAKMAK MAH.,26150,23322,23005,16860,6145,89.19,98.64,73.29,26.71,64.47,23.50,2.74
2816,PENDIK,GOCBEYLI MAH.,738,670,665,572,93,90.79,99.25,86.02,13.98,77.51,12.60,6.15
2817,PENDIK,GULLU BAGLAR MAH.,9509,8690,8545,5692,2853,91.39,98.33,66.61,33.39,59.86,30.00,2.00
2818,PENDIK,GUZELYALI MAH.,23861,21309,21036,12194,8842,89.30,98.72,57.97,42.03,51.10,37.06,1.38
2819,PENDIK,HARMANDERE MAH.,5305,4730,4676,1922,2754,89.16,98.86,41.10,58.90,36.23,51.91,0.70
2820,PENDIK,KAVAKPINAR MAH.,40364,36254,35664,22257,13407,89.82,98.37,62.41,37.59,55.14,33.22,1.66
2821,PENDIK,KAYNARCA MAH.,35054,31123,30636,17881,12755,88.79,98.44,58.37,41.63,51.01,36.39,1.40
2822,PENDIK,KURNA MAH.,892,804,784,473,311,90.13,97.51,60.33,39.67,53.03,34.87,1.52
2823,PENDIK,KURTDOGMUS MAH.,346,314,309,161,148,90.75,98.41,52.10,47.90,46.53,42.77,1.09
2824,PENDIK,KURTKOY MAH.,20614,18213,17938,10512,7426,88.35,98.49,58.60,41.40,50.99,36.02,1.42
2825,PENDIK,ORHANGAZI MAH.,19192,17110,16848,11489,5359,89.15,98.47,68.19,31.81,59.86,27.92,2.14
2826,PENDIK,ORTA MAH.,4531,3987,3916,2382,1534,87.99,98.22,60.83,39.17,52.57,33.86,1.55
2827,PENDIK,RAMAZANOGLU MAH.,2148,1936,1897,954,943,90.13,97.99,50.29,49.71,44.41,43.90,1.01
2828,PENDIK,SANAYI MAH.,2375,2133,2094,1171,923,89.81,98.17,55.92,44.08,49.31,38.86,1.27
2829,PENDIK,SAPAN BAGLARI MAH.,8053,7223,7147,2535,4612,89.69,98.95,35.47,64.53,31.48,57.27,0.55
2830,PENDIK,SEYHLI MAH.,11202,10026,9860,6047,3813,89.50,98.34,61.33,38.67,53.98,34.04,1.59
2831,PENDIK,SULUNTEPE MAH.,16434,14603,14347,7399,6948,88.86,98.25,51.57,48.43,45.02,42.28,1.06
2832,PENDIK,VELIBABA MAH.,24384,21923,21607,14207,7400,89.91,98.56,65.75,34.25,58.26,30.35,1.92
2833,PENDIK,YAYALAR MAH.,8072,7205,7105,3884,3221,89.26,98.61,54.67,45.33,48.12,39.90,1.21
2834,PENDIK,YENI MAH.,11439,10327,10188,3401,6787,90.28,98.65,33.38,66.62,29.73,59.33,0.50
2835,PENDIK,YENISEHIR MAH.,39447,34666,34263,12877,21386,87.88,98.84,37.58,62.42,32.64,54.21,0.60
2836,PENDIK,YESILBAGLAR MAH.,4499,4081,4031,1698,2333,90.71,98.77,42.12,57.88,37.74,51.86,0.73
2901,SANCAKTEPE,ABDURRAHMANGAZI MAH.,19727,17707,17423,9238,8185,89.76,98.40,53.02,46.98,46.83,41.49,1.13
2902,SANCAKTEPE,AKPINAR MAH.,13166,11879,11658,7125,4533,90.22,98.14,61.12,38.88,54.12,34.43,1.57
2903,SANCAKTEPE,ATATURK MAH.,19342,17575,17340,5473,11867,90.86,98.66,31.56,68.44,28.30,61.35,0.46
2904,SANCAKTEPE,EMEK MAH.,15545,14188,13934,5998,7936,91.27,98.21,43.05,56.95,38.58,51.05,0.76
2905,SANCAKTEPE,EYUP SULTAN MAH.,11135,9960,9808,6299,3509,89.45,98.47,64.22,35.78,56.57,31.51,1.80
2906,SANCAKTEPE,FATIH MAH.,16942,15224,14993,9345,5648,89.86,98.48,62.33,37.67,55.16,33.34,1.65
2907,SANCAKTEPE,HILAL MAH.,3632,3278,3211,2159,1052,90.25,97.96,67.24,32.76,59.44,28.96,2.05
2908,SANCAKTEPE,INONU MAH.,16107,14707,14541,3903,10638,91.31,98.87,26.84,73.16,24.23,66.05,0.37
2909,SANCAKTEPE,KEMAL TURKLER MAH.,12722,11574,11388,4891,6497,90.98,98.39,42.95,57.05,38.45,51.07,0.75
2910,SANCAKTEPE,MECLIS MAH.,17617,16016,15784,6111,9673,90.91,98.55,38.72,61.28,34.69,54.91,0.63
2911,SANCAKTEPE,MERVE MAH.,11720,10708,10529,6522,4007,91.37,98.33,61.94,38.06,55.65,34.19,1.63
2912,SANCAKTEPE,MEVLANA MAH.,9557,8469,8291,4980,3311,88.62,97.90,60.07,39.93,52.11,34.64,1.50
2913,SANCAKTEPE,OSMANGAZI MAH.,24446,21992,21637,14251,7386,89.96,98.39,65.86,34.14,58.30,30.21,1.93
2914,SANCAKTEPE,PASAKOY MAH.,1208,1081,1062,553,509,89.49,98.24,52.07,47.93,45.78,42.14,1.09
2915,SANCAKTEPE,SAFA MAH.,10602,9448,9304,6225,3079,89.12,98.48,66.91,33.09,58.72,29.04,2.02
2916,SANCAKTEPE,SARIGAZI MAH.,14065,12785,12601,4429,8172,90.90,98.56,35.15,64.85,31.49,58.10,0.54
2917,SANCAKTEPE,VEYSEL KARANI MAH.,12431,11053,10842,5916,4926,88.91,98.09,54.57,45.43,47.59,39.63,1.20
2918,SANCAKTEPE,YENIDOGAN MAH.,12852,11693,11519,6411,5108,90.98,98.51,55.66,44.34,49.88,39.74,1.26
2919,SANCAKTEPE,YUNUS EMRE MAH.,12396,11046,10892,7444,3448,89.11,98.61,68.34,31.66,60.05,27.82,2.16
3001,SARIYER,AYAZAGA MAH.,25365,22060,21739,13355,8384,86.97,98.54,61.43,38.57,52.65,33.05,1.59
3002,SARIYER,BAHCEKOY KEMER MAH.,1770,1599,1575,819,756,90.34,98.50,52.00,48.00,46.27,42.71,1.08
3003,SARIYER,BAHCEKOY MERKEZ MAH.,2874,2579,2538,1146,1392,89.74,98.41,45.15,54.85,39.87,48.43,0.82
3004,SARIYER,BAHCEKOY YENI MAH.,3777,3381,3338,1598,1740,89.52,98.73,47.87,52.13,42.31,46.07,0.92
3005,SARIYER,BALTALIMANI MAH.,4176,3785,3738,1285,2453,90.64,98.76,34.38,65.62,30.77,58.74,0.52
3006,SARIYER,BUYUKDERE MAH.,7350,6501,6398,2122,4276,88.45,98.42,33.17,66.83,28.87,58.18,0.50
3007,SARIYER,CAMLITEPE MAH.,4582,4063,3996,1778,2218,88.67,98.35,44.49,55.51,38.80,48.41,0.80
3008,SARIYER,CAYIRBASI MAH.,4020,3463,3397,1362,2035,86.14,98.09,40.09,59.91,33.88,50.62,0.67
3009,SARIYER,CUMHURIYET MAH.,8554,7739,7649,3796,3853,90.47,98.84,49.63,50.37,44.38,45.04,0.99
3010,SARIYER,DARUSSAFAKA MAH.,6955,6325,6259,754,5505,90.94,98.96,12.05,87.95,10.84,79.15,0.14
3011,SARIYER,DEMIRCIKOY MAH.,935,844,837,250,587,90.27,99.17,29.87,70.13,26.74,62.78,0.43
3012,SARIYER,EMIRGAN MAH.,7033,6057,5999,2227,3772,86.12,99.04,37.12,62.88,31.67,53.63,0.59
3013,SARIYER,FATIH SULTAN MEHMET MAH.,11855,10393,10260,5540,4720,87.67,98.72,54.00,46.00,46.73,39.81,1.17
3014,SARIYER,FERAHEVLER MAH.,11279,10168,10013,5236,4777,90.15,98.48,52.29,47.71,46.42,42.35,1.10
3015,SARIYER,GARIPCE MAH.,307,291,289,236,53,94.79,99.31,81.66,18.34,76.87,17.26,4.45
3016,SARIYER,GUMUSDERE MAH.,1585,1415,1384,611,773,89.27,97.81,44.15,55.85,38.55,48.77,0.79
3017,SARIYER,HUZUR MAH.,5822,5323,5265,1565,3700,91.43,98.91,29.72,70.28,26.88,63.55,0.42
3018,SARIYER,ISTINYE MAH.,12456,11075,10944,5450,5494,88.91,98.82,49.80,50.20,43.75,44.11,0.99
3019,SARIYER,KAZIM KARABEKIR PASA MAH.,6425,5727,5646,2059,3587,89.14,98.59,36.47,63.53,32.05,55.83,0.57
3020,SARIYER,KIRECBURNU MAH.,5494,4928,4873,1487,3386,89.70,98.88,30.52,69.48,27.07,61.63,0.44
3021,SARIYER,KISIRKAYA MAH.,293,257,252,105,147,87.71,98.05,41.67,58.33,35.84,50.17,0.71
3022,SARIYER,KOCATAS MAH.,3489,3056,3004,1513,1491,87.59,98.30,50.37,49.63,43.36,42.73,1.01
3023,SARIYER,KUMKOY (KILYOS) MAH.,2437,2189,2167,685,1482,89.82,98.99,31.61,68.39,28.11,60.81,0.46
3024,SARIYER,MADEN MAH.,10130,8965,8801,3739,5062,88.50,98.17,42.48,57.52,36.91,49.97,0.74
3025,SARIYER,MASLAK MAH.,3861,3483,3453,596,2857,90.21,99.14,17.26,82.74,15.44,74.00,0.21
3026,SARIYER,PINAR MAH.,8407,7471,7362,3906,3456,88.87,98.54,53.06,46.94,46.46,41.11,1.13
3027,SARIYER,POLIGON MAH.,4929,4504,4450,1732,2718,91.38,98.80,38.92,61.08,35.14,55.14,0.64
3028,SARIYER,PTT EVLERI MAH.,3634,3269,3227,1751,1476,89.96,98.72,54.26,45.74,48.18,40.62,1.19
3029,SARIYER,RESITPASA MAH.,11093,9786,9675,3803,5872,88.22,98.87,39.31,60.69,34.28,52.93,0.65
3030,SARIYER,RUMELIFENERI MAH.,1578,1360,1345,813,532,86.19,98.90,60.45,39.55,51.52,33.71,1.53
3031,SARIYER,RUMELIHISARI MAH.,7452,6685,6606,1407,5199,89.71,98.82,21.30,78.70,18.88,69.77,0.27
3032,SARIYER,RUMELIKAVAGI MAH.,2869,2446,2409,1156,1253,85.26,98.49,47.99,52.01,40.29,43.67,0.92
3033,SARIYER,SARIYER MERKEZ MAH.,10219,8889,8784,3610,5174,86.99,98.82,41.10,58.90,35.33,50.63,0.70
3034,SARIYER,TARABYA MAH.,13789,12406,12267,3873,8394,89.97,98.88,31.57,68.43,28.09,60.87,0.46
3035,SARIYER,USKUMRUKOY MAH.,5279,4840,4789,710,4079,91.68,98.95,14.83,85.17,13.45,77.27,0.17
3036,SARIYER,YENI MAH.,2778,2429,2402,1211,1191,87.44,98.89,50.42,49.58,43.59,42.87,1.02
3037,SARIYER,YENIKOY MAH.,11939,10671,10534,4767,5767,89.38,98.72,45.25,54.75,39.93,48.30,0.83
3038,SARIYER,ZEKERIYAKOY MAH.,13295,12069,11939,1745,10194,90.78,98.92,14.62,85.38,13.13,76.68,0.17
3101,SILE,AGACDERE MAH.,86,86,85,66,19,100.00,98.84,77.65,22.35,76.74,22.09,3.47
3102,SILE,AGVA MERKEZ MAH.,1552,1348,1330,631,699,86.86,98.66,47.44,52.56,40.66,45.04,0.90
3103,SILE,AHMETLI MAH.,1243,1120,1104,606,498,90.10,98.57,54.89,45.11,48.75,40.06,1.22
3104,SILE,AKCAKESE MAH.,347,310,305,136,169,89.34,98.39,44.59,55.41,39.19,48.70,0.80
3105,SILE,ALACALI MAH.,451,399,394,246,148,88.47,98.75,62.44,37.56,54.55,32.82,1.66
3106,SILE,AVCIKORU MAH.,86,85,85,62,23,98.84,100.00,72.94,27.06,72.09,26.74,2.70
3107,SILE,BALIBEY MAH.,2065,1832,1812,647,1165,88.72,98.91,35.71,64.29,31.33,56.42,0.56
3108,SILE,BICKIDERE MAH.,214,202,195,143,52,94.39,96.53,73.33,26.67,66.82,24.30,2.75
3109,SILE,BOZGOCA MAH.,96,90,89,54,35,93.75,98.89,60.67,39.33,56.25,36.46,1.54
3110,SILE,BUCAKLI MAH.,282,240,239,177,62,85.11,99.58,74.06,25.94,62.77,21.99,2.85
3111,SILE,CATAKLI MAH.,188,171,169,113,56,90.96,98.83,66.86,33.14,60.11,29.79,2.02
3112,SILE,CAVUS MAH.,6408,5583,5498,2159,3339,87.13,98.48,39.27,60.73,33.69,52.11,0.65
3113,SILE,CAYIRBASI MAH.,693,621,611,283,328,89.61,98.39,46.32,53.68,40.84,47.33,0.86
3114,SILE,CELEBI MAH.,138,134,132,98,34,97.10,98.51,74.24,25.76,71.01,24.64,2.88
3115,SILE,CENGILLI MAH.,159,143,140,91,49,89.94,97.90,65.00,35.00,57.23,30.82,1.86
3116,SILE,DARLIK MAH.,89,90,90,81,9,101.12,100.00,90.00,10.00,91.01,10.11,9.00
3117,SILE,DEGIRMENCAYIRI MAH.,361,338,330,231,99,93.63,97.63,70.00,30.00,63.99,27.42,2.33
3118,SILE,DOGANCILI MAH.,593,528,520,305,215,89.04,98.48,58.65,41.35,51.43,36.26,1.42
3119,SILE,ERENLER MAH.,92,90,90,41,49,97.83,100.00,45.56,54.44,44.57,53.26,0.84
3120,SILE,ESENCELI MAH.,60,61,58,46,12,101.67,95.08,79.31,20.69,76.67,20.00,3.83
3121,SILE,GEREDELI MAH.,527,462,448,323,125,87.67,96.97,72.10,27.90,61.29,23.72,2.58
3122,SILE,GOCE MAH.,522,456,438,278,160,87.36,96.05,63.47,36.53,53.26,30.65,1.74
3123,SILE,GOKMASLI MAH.,171,149,146,71,75,87.13,97.99,48.63,51.37,41.52,43.86,0.95
3124,SILE,GOKSU MAH.,275,240,235,135,100,87.27,97.92,57.45,42.55,49.09,36.36,1.35
3125,SILE,HACI KASIM MAH.,779,664,655,216,439,85.24,98.64,32.98,67.02,27.73,56.35,0.49
3126,SILE,HACILLI MAH.,199,184,178,127,51,92.46,96.74,71.35,28.65,63.82,25.63,2.49
3127,SILE,HASANLI MAH.,191,179,175,126,49,93.72,97.77,72.00,28.00,65.97,25.65,2.57
3128,SILE,IMRENDERE MAH.,216,198,197,88,109,91.67,99.49,44.67,55.33,40.74,50.46,0.81
3129,SILE,IMRENLI MAH.,228,211,207,114,93,92.54,98.10,55.07,44.93,50.00,40.79,1.23
3130,SILE,ISAKOY MAH.,124,113,111,63,48,91.13,98.23,56.76,43.24,50.81,38.71,1.31
3131,SILE,KABAKOZ MAH.,481,422,415,251,164,87.73,98.34,60.48,39.52,52.18,34.10,1.53
3132,SILE,KADIKOY MAH.,148,141,139,105,34,95.27,98.58,75.54,24.46,70.95,22.97,3.09
3133,SILE,KALEM MAH.,185,170,166,91,75,91.89,97.65,54.82,45.18,49.19,40.54,1.21
3134,SILE,KARABEYLI MAH.,190,171,169,125,44,90.00,98.83,73.96,26.04,65.79,23.16,2.84
3135,SILE,KARACAKOY MAH.,234,210,206,86,120,89.74,98.10,41.75,58.25,36.75,51.28,0.72
3136,SILE,KARAKIRAZ MAH.,249,232,230,118,112,93.17,99.14,51.30,48.70,47.39,44.98,1.05
3137,SILE,KARAMANDERE MAH.,248,228,223,118,105,91.94,97.81,52.91,47.09,47.58,42.34,1.12
3138,SILE,KERVANSARAY MAH.,233,219,206,169,37,93.99,94.06,82.04,17.96,72.53,15.88,4.57
3139,SILE,KIZILCA MAH.,417,388,386,214,172,93.05,99.48,55.44,44.56,51.32,41.25,1.24
3140,SILE,KOMURLUK MAH.,185,180,167,141,26,97.30,92.78,84.43,15.57,76.22,14.05,5.42
3141,SILE,KORUCU MAH.,178,158,153,95,58,88.76,96.84,62.09,37.91,53.37,32.58,1.64
3142,SILE,KUMBABA MAH.,541,479,474,170,304,88.54,98.96,35.86,64.14,31.42,56.19,0.56
3143,SILE,KURFALLI MAH.,227,206,203,108,95,90.75,98.54,53.20,46.80,47.58,41.85,1.14
3144,SILE,KURNA MAH.,128,114,113,86,27,89.06,99.12,76.11,23.89,67.19,21.09,3.19
3145,SILE,MESRUTIYET MAH.,332,304,303,104,199,91.57,99.67,34.32,65.68,31.33,59.94,0.52
3146,SILE,ORUCOGLU MAH.,294,282,269,214,55,95.92,95.39,79.55,20.45,72.79,18.71,3.89
3147,SILE,OSMANKOY MAH.,209,200,197,147,50,95.69,98.50,74.62,25.38,70.33,23.92,2.94
3148,SILE,OVACIK MAH.,110,105,103,59,44,95.45,98.10,57.28,42.72,53.64,40.00,1.34
3149,SILE,SAHILKOY MAH.,642,568,560,283,277,88.47,98.59,50.54,49.46,44.08,43.15,1.02
3150,SILE,SATMAZLI MAH.,284,248,244,129,115,87.32,98.39,52.87,47.13,45.42,40.49,1.12
3151,SILE,SOFULAR MAH.,246,221,214,125,89,89.84,96.83,58.41,41.59,50.81,36.18,1.40
3152,SILE,SOGULLU MAH.,167,150,150,81,69,89.82,100.00,54.00,46.00,48.50,41.32,1.17
3153,SILE,SORTULLU MAH.,86,78,76,53,23,90.70,97.44,69.74,30.26,61.63,26.74,2.30
3154,SILE,SUAYIPLI MAH.,218,196,193,94,99,89.91,98.47,48.70,51.30,43.12,45.41,0.95
3155,SILE,TEKE MAH.,392,359,345,197,148,91.58,96.10,57.10,42.90,50.26,37.76,1.33
3156,SILE,ULUPELIT MAH.,141,132,131,98,33,93.62,99.24,74.81,25.19,69.50,23.40,2.97
3157,SILE,UVEZLI MAH.,271,246,229,191,38,90.77,93.09,83.41,16.59,70.48,14.02,5.03
3158,SILE,YAKA MAH.,162,153,149,114,35,94.44,97.39,76.51,23.49,70.37,21.60,3.26
3159,SILE,YAYLALI MAH.,57,53,53,36,17,92.98,100.00,67.92,32.08,63.16,29.82,2.12
3160,SILE,YAZIMANAYIR MAH.,184,174,172,144,28,94.57,98.85,83.72,16.28,78.26,15.22,5.14
3161,SILE,YENIKOY MAH.,325,304,298,134,164,93.54,98.03,44.97,55.03,41.23,50.46,0.82
3162,SILE,YESILVADI MAH.,123,114,113,48,65,92.68,99.12,42.48,57.52,39.02,52.85,0.74
3201,SILIVRI,AKOREN MAH.,1092,963,938,227,711,88.19,97.40,24.20,75.80,20.79,65.11,0.32
3202,SILIVRI,ALIBEY MAH.,13834,12300,12146,4473,7673,88.91,98.75,36.83,63.17,32.33,55.46,0.58
3203,SILIVRI,ALIPASA  MAH.,779,692,661,261,400,88.83,95.52,39.49,60.51,33.50,51.35,0.65
3204,SILIVRI,BALABAN MAH.,2152,1843,1822,648,1174,85.64,98.86,35.57,64.43,30.11,54.55,0.55
3205,SILIVRI,BEKIRLI MAH.,176,156,152,30,122,88.64,97.44,19.74,80.26,17.05,69.32,0.25
3206,SILIVRI,BEYCILER MAH.,1142,1057,1028,318,710,92.56,97.26,30.93,69.07,27.85,62.17,0.45
3207,SILIVRI,BUYUK CAVUSLU MAH.,2512,2179,2143,830,1313,86.74,98.35,38.73,61.27,33.04,52.27,0.63
3208,SILIVRI,BUYUK KILICLI MAH.,922,829,811,305,506,89.91,97.83,37.61,62.39,33.08,54.88,0.60
3209,SILIVRI,BUYUK SINEKLI MAH.,310,285,278,61,217,91.94,97.54,21.94,78.06,19.68,70.00,0.28
3210,SILIVRI,CAYIRDERE MAH.,1026,908,887,244,643,88.50,97.69,27.51,72.49,23.78,62.67,0.38
3211,SILIVRI,CELTIK MAH.,867,761,751,292,459,87.77,98.69,38.88,61.12,33.68,52.94,0.64
3212,SILIVRI,CUMHURIYET  MAH.,5224,4517,4455,2172,2283,86.47,98.63,48.75,51.25,41.58,43.70,0.95
3213,SILIVRI,DANAMANDIRA MAH.,871,808,795,303,492,92.77,98.39,38.11,61.89,34.79,56.49,0.62
3214,SILIVRI,FATIH MAH.,5341,4688,4624,1731,2893,87.77,98.63,37.44,62.56,32.41,54.17,0.60
3215,SILIVRI,FENER MAH.,1256,1122,1100,357,743,89.33,98.04,32.45,67.55,28.42,59.16,0.48
3216,SILIVRI,FEVZIPASA MAH.,2352,2088,2037,779,1258,88.78,97.56,38.24,61.76,33.12,53.49,0.62
3217,SILIVRI,GAZITEPE  MAH.,1012,909,890,258,632,89.82,97.91,28.99,71.01,25.49,62.45,0.41
3218,SILIVRI,GUMUSYAKA MAH.,5561,4838,4771,2162,2609,87.00,98.62,45.32,54.68,38.88,46.92,0.83
3219,SILIVRI,HURRIYET MAH.,1336,1199,1186,566,620,89.75,98.92,47.72,52.28,42.37,46.41,0.91
3220,SILIVRI,ISMETPASA MAH.,2262,2021,1988,729,1259,89.35,98.37,36.67,63.33,32.23,55.66,0.58
3221,SILIVRI,KADIKOY MAH.,1217,1128,1112,296,816,92.69,98.58,26.62,73.38,24.32,67.05,0.36
3222,SILIVRI,KAVAKLI MAH.,1478,1332,1315,563,752,90.12,98.72,42.81,57.19,38.09,50.88,0.75
3223,SILIVRI,KUCUK KILICLI  MAH.,231,210,206,63,143,90.91,98.10,30.58,69.42,27.27,61.90,0.44
3224,SILIVRI,KUCUK SINEKLI MAH.,130,123,118,40,78,94.62,95.93,33.90,66.10,30.77,60.00,0.51
3225,SILIVRI,KURFALLI MAH.,406,366,359,128,231,90.15,98.09,35.65,64.35,31.53,56.90,0.55
3226,SILIVRI,MIMAR SINAN MAH.,9850,8559,8446,3955,4491,86.89,98.68,46.83,53.17,40.15,45.59,0.88
3227,SILIVRI,ORTAKOY MAH.,2867,2616,2572,1067,1505,91.25,98.32,41.49,58.51,37.22,52.49,0.71
3228,SILIVRI,PIRI MEHMET PASA MAH.,6884,6056,5980,1898,4082,87.97,98.75,31.74,68.26,27.57,59.30,0.46
3229,SILIVRI,SANCAKTEPE MAH.,3400,2967,2930,1301,1629,87.26,98.75,44.40,55.60,38.26,47.91,0.80
3230,SILIVRI,SAYALAR MAH.,674,623,611,93,518,92.43,98.07,15.22,84.78,13.80,76.85,0.18
3231,SILIVRI,SELIMPASA MAH.,13158,11364,11207,5797,5410,86.37,98.62,51.73,48.27,44.06,41.12,1.07
3232,SILIVRI,SEMIZKUMLAR MAH.,3625,2490,2448,1045,1403,68.69,98.31,42.69,57.31,28.83,38.70,0.74
3233,SILIVRI,SEYMEN MAH.,848,766,748,184,564,90.33,97.65,24.60,75.40,21.70,66.51,0.33
3234,SILIVRI,YENI MAH.,21637,18996,18709,8411,10298,87.79,98.49,44.96,55.04,38.87,47.59,0.82
3235,SILIVRI,YOLCATI MAH.,284,261,260,107,153,91.90,99.62,41.15,58.85,37.68,53.87,0.70
3301,SISLI,19 MAYIS MAH.,8459,7336,7255,1502,5753,86.72,98.90,20.70,79.30,17.76,68.01,0.26
3302,SISLI,BOZKURT MAH.,8945,7524,7423,989,6434,84.11,98.66,13.32,86.68,11.06,71.93,0.15
3303,SISLI,CUMHURIYET MAH.,5077,4443,4409,589,3820,87.51,99.23,13.36,86.64,11.60,75.24,0.15
3304,SISLI,DUATEPE MAH.,6608,5681,5608,1045,4563,85.97,98.72,18.63,81.37,15.81,69.05,0.23
3305,SISLI,ERGENEKON MAH.,2022,1689,1670,295,1375,83.53,98.88,17.66,82.34,14.59,68.00,0.21
3306,SISLI,ESENTEPE MAH.,5471,4866,4809,1201,3608,88.94,98.83,24.97,75.03,21.95,65.95,0.33
3307,SISLI,ESKISEHIR MAH.,9032,7648,7556,2399,5157,84.68,98.80,31.75,68.25,26.56,57.10,0.47
3308,SISLI,FERIKOY MAH.,11693,10196,10061,2150,7911,87.20,98.68,21.37,78.63,18.39,67.66,0.27
3309,SISLI,FULYA MAH.,13956,12478,12362,2393,9969,89.41,99.07,19.36,80.64,17.15,71.43,0.24
3310,SISLI,GULBAHAR MAH.,17472,15122,14950,5019,9931,86.55,98.86,33.57,66.43,28.73,56.84,0.51
3311,SISLI,HALASKARGAZI MAH.,1324,1135,1120,183,937,85.73,98.68,16.34,83.66,13.82,70.77,0.20
3312,SISLI,HALIDE EDIP ADIVAR MAH.,12661,11339,11179,4731,6448,89.56,98.59,42.32,57.68,37.37,50.93,0.73
3313,SISLI,HALIL RIFAT PASA MAH.,2948,2698,2658,817,1841,91.52,98.52,30.74,69.26,27.71,62.45,0.44
3314,SISLI,HARBIYE MAH.,1711,1488,1477,203,1274,86.97,99.26,13.74,86.26,11.86,74.46,0.16
3315,SISLI,INONU MAH.,2693,2236,2205,634,1571,83.03,98.61,28.75,71.25,23.54,58.34,0.40
3316,SISLI,IZZET PASA MAH.,6267,5565,5480,2449,3031,88.80,98.47,44.69,55.31,39.08,48.36,0.81
3317,SISLI,KAPTANPASA MAH.,2502,2266,2240,413,1827,90.57,98.85,18.44,81.56,16.51,73.02,0.23
3318,SISLI,KUSTEPE MAH.,11502,9327,9176,4240,4936,81.09,98.38,46.21,53.79,36.86,42.91,0.86
3319,SISLI,MAHMUT SEVKET PASA MAH.,14130,12772,12604,3160,9444,90.39,98.68,25.07,74.93,22.36,66.84,0.33
3320,SISLI,MECIDIYEKOY MAH.,15530,13489,13330,4666,8664,86.86,98.82,35.00,65.00,30.05,55.79,0.54
3321,SISLI,MERKEZ MAH.,10706,9133,9035,1259,7776,85.31,98.93,13.93,86.07,11.76,72.63,0.16
3322,SISLI,MESRUTIYET MAH.,6084,5265,5207,1095,4112,86.54,98.90,21.03,78.97,18.00,67.59,0.27
3323,SISLI,PASA MAH.,13248,11662,11514,4790,6724,88.03,98.73,41.60,58.40,36.16,50.75,0.71
3324,SISLI,TESVIKIYE MAH.,9275,8166,8081,798,7283,88.04,98.96,9.88,90.12,8.60,78.52,0.11
3325,SISLI,YAYLA MAH.,8180,7185,7080,3327,3753,87.84,98.54,46.99,53.01,40.67,45.88,0.89
3401,SULTANBEYLI,ABDURRAHMANGAZI MAH.,19504,17545,17261,13922,3339,89.96,98.38,80.66,19.34,71.38,17.12,4.17
3402,SULTANBEYLI,ADIL MAH.,11525,10371,10170,7489,2681,89.99,98.06,73.64,26.36,64.98,23.26,2.79
3403,SULTANBEYLI,AHMET YESEVI MAH.,19141,16906,16569,11685,4884,88.32,98.01,70.52,29.48,61.05,25.52,2.39
3404,SULTANBEYLI,AKSEMSETTIN MAH.,8089,7292,7158,4772,2386,90.15,98.16,66.67,33.33,58.99,29.50,2.00
3405,SULTANBEYLI,BATTALGAZI MAH.,20346,17908,17555,13295,4260,88.02,98.03,75.73,24.27,65.34,20.94,3.12
3406,SULTANBEYLI,FATIH  MAH.,14027,12479,12236,8693,3543,88.96,98.05,71.04,28.96,61.97,25.26,2.45
3407,SULTANBEYLI,HAMIDIYE MAH.,16945,15155,14834,9373,5461,89.44,97.88,63.19,36.81,55.31,32.23,1.72
3408,SULTANBEYLI,HASANPASA MAH.,11484,10271,10110,7575,2535,89.44,98.43,74.93,25.07,65.96,22.07,2.99
3409,SULTANBEYLI,MECIDIYE MAH.,14782,13277,13041,9300,3741,89.82,98.22,71.31,28.69,62.91,25.31,2.49
3410,SULTANBEYLI,MEHMET AKIF MAH.,18207,15854,15559,11674,3885,87.08,98.14,75.03,24.97,64.12,21.34,3.00
3411,SULTANBEYLI,MIMAR SINAN MAH.,11221,10016,9840,6878,2962,89.26,98.24,69.90,30.10,61.30,26.40,2.32
3412,SULTANBEYLI,NECIP FAZIL MAH.,9938,8859,8659,5832,2827,89.14,97.74,67.35,32.65,58.68,28.45,2.06
3413,SULTANBEYLI,ORHANGAZI MAH.,9663,8525,8334,4713,3621,88.22,97.76,56.55,43.45,48.77,37.47,1.30
3414,SULTANBEYLI,TURGUT REIS MAH.,13256,11782,11590,8512,3078,88.88,98.37,73.44,26.56,64.21,23.22,2.77
3415,SULTANBEYLI,YAVUZ SELIM MAH.,12702,11395,11150,6040,5110,89.71,97.85,54.17,45.83,47.55,40.23,1.18
3501,SULTANGAZI,50. YIL MAH.,47271,42261,41638,31847,9791,89.40,98.53,76.49,23.51,67.37,20.71,3.25
3502,SULTANGAZI,75. YIL MAH.,21771,19643,19407,8789,10618,90.23,98.80,45.29,54.71,40.37,48.77,0.83
3503,SULTANGAZI,CEBECI MAH.,40387,35945,35391,24785,10606,89.00,98.46,70.03,29.97,61.37,26.26,2.34
3504,SULTANGAZI,CUMHURIYET MAH.,9705,8717,8594,5290,3304,89.82,98.59,61.55,38.45,54.51,34.04,1.60
3505,SULTANGAZI,ESENTEPE MAH.,39163,34736,34169,22665,11504,88.70,98.37,66.33,33.67,57.87,29.37,1.97
3506,SULTANGAZI,ESKI HABIPLER MAH.,4057,3673,3625,2860,765,90.53,98.69,78.90,21.10,70.50,18.86,3.74
3507,SULTANGAZI,GAZI MAH.,24451,22309,22095,4456,17639,91.24,99.04,20.17,79.83,18.22,72.14,0.25
3508,SULTANGAZI,HABIBLER MAH.,4809,4241,4158,3016,1142,88.19,98.04,72.53,27.47,62.72,23.75,2.64
3509,SULTANGAZI,ISMETPASA MAH.,35468,31298,30806,23524,7282,88.24,98.43,76.36,23.64,66.32,20.53,3.23
3510,SULTANGAZI,MALKOCOGLU MAH.,8624,7819,7712,6433,1279,90.67,98.63,83.42,16.58,74.59,14.83,5.03
3511,SULTANGAZI,SULTANCIFTLIGI MAH.,25944,23102,22810,16753,6057,89.05,98.74,73.45,26.55,64.57,23.35,2.77
3512,SULTANGAZI,UGUR MUMCU MAH.,28494,25575,25280,17005,8275,89.76,98.85,67.27,32.73,59.68,29.04,2.05
3513,SULTANGAZI,YAYLA MAH.,5457,4962,4881,3888,993,90.93,98.37,79.66,20.34,71.25,18.20,3.92
3514,SULTANGAZI,YUNUS EMRE MAH.,30947,27737,27365,11128,16237,89.63,98.66,40.67,59.33,35.96,52.47,0.69
3515,SULTANGAZI,ZUBEYDE HANIM MAH.,22164,19851,19569,6423,13146,89.56,98.58,32.82,67.18,28.98,59.31,0.49
3601,TUZLA,AKFIRAT MAH.,1676,1570,1549,1484,65,93.68,98.66,95.80,4.20,88.54,3.88,22.83
3602,TUZLA,ANADOLU MAH.,618,589,574,394,180,95.31,97.45,68.64,31.36,63.75,29.13,2.19
3603,TUZLA,AYDINLI MAH.,37194,33560,33102,16605,16497,90.23,98.64,50.16,49.84,44.64,44.35,1.01
3604,TUZLA,AYDINTEPE MAH.,16699,14823,14623,8006,6617,88.77,98.65,54.75,45.25,47.94,39.63,1.21
3605,TUZLA,CAMI MAH.,3839,3413,3362,909,2453,88.90,98.51,27.04,72.96,23.68,63.90,0.37
3606,TUZLA,EVLIYA CELEBI MAH.,7284,6540,6460,3470,2990,89.79,98.78,53.72,46.28,47.64,41.05,1.16
3607,TUZLA,FATIH MAH.,741,682,676,286,390,92.04,99.12,42.31,57.69,38.60,52.63,0.73
3608,TUZLA,ICMELER MAH.,7694,6770,6666,4024,2642,87.99,98.46,60.37,39.63,52.30,34.34,1.52
3609,TUZLA,ISTASYON MAH.,13878,12551,12403,4391,8012,90.44,98.82,35.40,64.60,31.64,57.73,0.55
3610,TUZLA,MESCIT MAH.,2991,2668,2627,1665,962,89.20,98.46,63.38,36.62,55.67,32.16,1.73
3611,TUZLA,MIMAR SINAN MAH.,16083,14419,14177,8704,5473,89.65,98.32,61.40,38.60,54.12,34.03,1.59
3612,TUZLA,ORHANLI MAH.,1332,1197,1174,819,355,89.86,98.08,69.76,30.24,61.49,26.65,2.31
3613,TUZLA,ORTA MAH.,5009,4505,4432,2677,1755,89.94,98.38,60.40,39.60,53.44,35.04,1.53
3614,TUZLA,POSTANE MAH.,13223,12072,11942,3224,8718,91.30,98.92,27.00,73.00,24.38,65.93,0.37
3615,TUZLA,SIFA MAH.,18586,16690,16419,10668,5751,89.80,98.38,64.97,35.03,57.40,30.94,1.85
3616,TUZLA,TEPEOREN MAH.,3541,3171,3119,1272,1847,89.55,98.36,40.78,59.22,35.92,52.16,0.69
3617,TUZLA,YAYLA MAH.,18870,17002,16757,7421,9336,90.10,98.56,44.29,55.71,39.33,49.48,0.79
3701,UMRANIYE,ADEM YAVUZ MAH.,12086,10648,10489,7038,3451,88.10,98.51,67.10,32.90,58.23,28.55,2.04
3702,UMRANIYE,ALTINSEHIR MAH.,19971,17707,17473,11203,6270,88.66,98.68,64.12,35.88,56.10,31.40,1.79
3703,UMRANIYE,ARMAGANEVLER MAH.,27044,23920,23595,11917,11678,88.45,98.64,50.51,49.49,44.07,43.18,1.02
3704,UMRANIYE,ASAGI DUDULLU MAH.,8587,7691,7582,4516,3066,89.57,98.58,59.56,40.44,52.59,35.71,1.47
3705,UMRANIYE,ATAKENT MAH.,16184,14623,14413,6152,8261,90.35,98.56,42.68,57.32,38.01,51.04,0.74
3706,UMRANIYE,ATATURK MAH.,18610,16538,16278,9363,6915,88.87,98.43,57.52,42.48,50.31,37.16,1.35
3707,UMRANIYE,CAKMAK MAH.,26375,23542,23233,13134,10099,89.26,98.69,56.53,43.47,49.80,38.29,1.30
3708,UMRANIYE,CAMLIK MAH.,15980,14372,14181,6783,7398,89.94,98.67,47.83,52.17,42.45,46.30,0.92
3709,UMRANIYE,CEMIL MERIC MAH.,15862,14102,13917,8322,5595,88.90,98.69,59.80,40.20,52.47,35.27,1.49
3710,UMRANIYE,DUMLUPINAR MAH.,9446,8549,8421,5336,3085,90.50,98.50,63.37,36.63,56.49,32.66,1.73
3711,UMRANIYE,ELMALIKENT MAH.,16052,14319,14106,7325,6781,89.20,98.51,51.93,48.07,45.63,42.24,1.08
3712,UMRANIYE,ESENEVLER MAH.,19332,17229,16982,8647,8335,89.12,98.57,50.92,49.08,44.73,43.12,1.04
3713,UMRANIYE,ESENKENT MAH.,12539,11252,11068,6962,4106,89.74,98.36,62.90,37.10,55.52,32.75,1.70
3714,UMRANIYE,ESENSEHIR MAH.,12708,11271,11097,5550,5547,88.69,98.46,50.01,49.99,43.67,43.65,1.00
3715,UMRANIYE,FATIH SULTAN MEHMET MAH.,2786,2544,2510,1409,1101,91.31,98.66,56.14,43.86,50.57,39.52,1.28
3717,UMRANIYE,HEKIMBASI MAH.,6052,5389,5301,3818,1483,89.04,98.37,72.02,27.98,63.09,24.50,2.57
3718,UMRANIYE,HUZUR MAH.,8277,7386,7239,4832,2407,89.24,98.01,66.75,33.25,58.38,29.08,2.01
3719,UMRANIYE,IHLAMURKUYU MAH.,11599,10190,10030,5971,4059,87.85,98.43,59.53,40.47,51.48,34.99,1.47
3720,UMRANIYE,INKILAP MAH.,18089,16160,15887,11044,4843,89.34,98.31,69.52,30.48,61.05,26.77,2.28
3721,UMRANIYE,ISTIKLAL MAH.,34498,30623,30063,17753,12310,88.77,98.17,59.05,40.95,51.46,35.68,1.44
3722,UMRANIYE,KAZIM KARABEKIR MAH.,12330,11167,11011,8233,2778,90.57,98.60,74.77,25.23,66.77,22.53,2.96
3723,UMRANIYE,MADENLER MAH.,9727,8869,8716,4111,4605,91.18,98.27,47.17,52.83,42.26,47.34,0.89
3724,UMRANIYE,MEHMET AKIF MAH.,17130,15586,15404,6661,8743,90.99,98.83,43.24,56.76,38.88,51.04,0.76
3725,UMRANIYE,NAMIK KEMAL MAH.,21039,18704,18336,11111,7225,88.90,98.03,60.60,39.40,52.81,34.34,1.54
3726,UMRANIYE,NECIP FAZIL MAH.,18247,16433,16220,8811,7409,90.06,98.70,54.32,45.68,48.29,40.60,1.19
3727,UMRANIYE,PARSELLER MAH.,10456,9557,9421,4838,4583,91.40,98.58,51.35,48.65,46.27,43.83,1.06
3728,UMRANIYE,SARAY MAH.,1305,1205,1193,219,974,92.34,99.00,18.36,81.64,16.78,74.64,0.22
3729,UMRANIYE,SERIFALI MAH.,5850,5292,5220,1849,3371,90.46,98.64,35.42,64.58,31.61,57.62,0.55
3730,UMRANIYE,SITE MAH.,18437,16835,16683,4463,12220,91.31,99.10,26.75,73.25,24.21,66.28,0.37
3731,UMRANIYE,TANTAVI MAH.,7140,6478,6350,3298,3052,90.73,98.02,51.94,48.06,46.19,42.75,1.08
3732,UMRANIYE,TATLISU MAH.,14440,13331,13143,3754,9389,92.32,98.59,28.56,71.44,26.00,65.02,0.40
3733,UMRANIYE,TEPEUSTU MAH.,9741,8591,8466,5281,3185,88.19,98.54,62.38,37.62,54.21,32.70,1.66
3734,UMRANIYE,TOPAGACI MAH.,10723,9602,9444,6612,2832,89.55,98.35,70.01,29.99,61.66,26.41,2.33
3735,UMRANIYE,YAMANEVLER MAH.,9336,8276,8173,4883,3290,88.65,98.76,59.75,40.25,52.30,35.24,1.48
3737,UMRANIYE,YUKARI DUDULLU MAH.,13655,12050,11876,8171,3705,88.25,98.56,68.80,31.20,59.84,27.13,2.21
3801,USKUDAR,ACIBADEM MAH.,19368,17807,17587,4111,13476,91.94,98.76,23.38,76.62,21.23,69.58,0.31
3802,USKUDAR,AHMEDIYE MAH.,7824,6807,6704,2356,4348,87.00,98.49,35.14,64.86,30.11,55.57,0.54
3803,USKUDAR,ALTUNIZADE MAH.,10547,9693,9567,2685,6882,91.90,98.70,28.07,71.93,25.46,65.25,0.39
3804,USKUDAR,AZIZ MAHMUT HUDAYI MAH.,7430,6528,6432,2302,4130,87.86,98.53,35.79,64.21,30.98,55.59,0.56
3805,USKUDAR,BAHCELIEVLER MAH.,15847,14397,14208,5995,8213,90.85,98.69,42.19,57.81,37.83,51.83,0.73
3806,USKUDAR,BARBAROS  MAH.,14564,13371,13218,3133,10085,91.81,98.86,23.70,76.30,21.51,69.25,0.31
3807,USKUDAR,BEYLERBEYI MAH.,4503,3979,3925,1646,2279,88.36,98.64,41.94,58.06,36.55,50.61,0.72
3808,USKUDAR,BULGURLU  MAH.,23026,20976,20671,10441,10230,91.10,98.55,50.51,49.49,45.34,44.43,1.02
3809,USKUDAR,BURHANIYE MAH.,12446,11017,10884,6131,4753,88.52,98.79,56.33,43.67,49.26,38.19,1.29
3810,USKUDAR,CENGELKOY MAH.,10794,9681,9569,5421,4148,89.69,98.84,56.65,43.35,50.22,38.43,1.31
3811,USKUDAR,CUMHURIYET MAH.,26935,24500,24176,12325,11851,90.96,98.68,50.98,49.02,45.76,44.00,1.04
3812,USKUDAR,FERAH  MAH.,14823,13445,13204,8243,4961,90.70,98.21,62.43,37.57,55.61,33.47,1.66
3813,USKUDAR,GUZELTEPE  MAH.,9924,8917,8803,5447,3356,89.85,98.72,61.88,38.12,54.89,33.82,1.62
3814,USKUDAR,ICADIYE MAH.,14061,12540,12332,3973,8359,89.18,98.34,32.22,67.78,28.26,59.45,0.48
3815,USKUDAR,KANDILLI MAH.,1187,1032,1007,232,775,86.94,97.58,23.04,76.96,19.55,65.29,0.30
3816,USKUDAR,KIRAZLITEPE MAH.,9643,8642,8499,5899,2600,89.62,98.35,69.41,30.59,61.17,26.96,2.27
3817,USKUDAR,KISIKLI  MAH.,14087,12552,12308,7482,4826,89.10,98.06,60.79,39.21,53.11,34.26,1.55
3818,USKUDAR,KUCUK CAMLICA MAH.,7619,6867,6787,3653,3134,90.13,98.84,53.82,46.18,47.95,41.13,1.17
3819,USKUDAR,KUCUKSU  MAH.,14494,13019,12852,5553,7299,89.82,98.72,43.21,56.79,38.31,50.36,0.76
3820,USKUDAR,KULELI MAH.,1584,1358,1344,700,644,85.73,98.97,52.08,47.92,44.19,40.66,1.09
3821,USKUDAR,KUPLUCE  MAH.,13109,11680,11490,7604,3886,89.10,98.37,66.18,33.82,58.01,29.64,1.96
3822,USKUDAR,KUZGUNCUK  MAH.,3534,3151,3104,894,2210,89.16,98.51,28.80,71.20,25.30,62.54,0.40
3823,USKUDAR,MEHMET AKIF ERSOY MAH.,15571,14105,13875,8861,5014,90.59,98.37,63.86,36.14,56.91,32.20,1.77
3824,USKUDAR,MIMAR SINAN MAH.,9746,8412,8288,3976,4312,86.31,98.53,47.97,52.03,40.80,44.24,0.92
3825,USKUDAR,MURATREIS MAH.,11249,9876,9729,3656,6073,87.79,98.51,37.58,62.42,32.50,53.99,0.60
3826,USKUDAR,SALACAK  MAH.,7895,7040,6955,1777,5178,89.17,98.79,25.55,74.45,22.51,65.59,0.34
3827,USKUDAR,SELAMI ALI MAH.,10581,9238,9114,3792,5322,87.31,98.66,41.61,58.39,35.84,50.30,0.71
3828,USKUDAR,SELIMIYE MAH.,6041,5432,5361,1177,4184,89.92,98.69,21.95,78.05,19.48,69.26,0.28
3829,USKUDAR,SULTANTEPE MAH.,9243,8271,8155,3424,4731,89.48,98.60,41.99,58.01,37.04,51.18,0.72
3830,USKUDAR,UNALAN  MAH.,25855,23308,22968,11848,11120,90.15,98.54,51.58,48.42,45.82,43.01,1.07
3831,USKUDAR,VALIDE-I ATIK MAH.,17531,15353,15100,6299,8801,87.58,98.35,41.72,58.28,35.93,50.20,0.72
3832,USKUDAR,YAVUZTURK  MAH.,25025,22322,21874,13081,8793,89.20,97.99,59.80,40.20,52.27,35.14,1.49
3833,USKUDAR,ZEYNEP KAMIL MAH.,10462,9198,9068,3599,5469,87.92,98.59,39.69,60.31,34.40,52.27,0.66
3901,ZEYTINBURNU,BESTELSIZ MAH.,17126,15028,14779,7423,7356,87.75,98.34,50.23,49.77,43.34,42.95,1.01
3902,ZEYTINBURNU,CIRPICI MAH.,20601,17936,17666,8841,8825,87.06,98.49,50.05,49.95,42.92,42.84,1.00
3903,ZEYTINBURNU,GOKALP MAH.,14325,12391,12218,5511,6707,86.50,98.60,45.11,54.89,38.47,46.82,0.82
3904,ZEYTINBURNU,KAZLICESME MAH.,1192,918,899,443,456,77.01,97.93,49.28,50.72,37.16,38.26,0.97
3905,ZEYTINBURNU,MALTEPE MAH.,1115,1022,1009,372,637,91.66,98.73,36.87,63.13,33.36,57.13,0.58
3906,ZEYTINBURNU,MERKEZEFENDI MAH.,14218,12641,12460,6734,5726,88.91,98.57,54.04,45.96,47.36,40.27,1.18
3907,ZEYTINBURNU,NURIPASA MAH.,17758,14981,14773,8280,6493,84.36,98.61,56.05,43.95,46.63,36.56,1.28
3908,ZEYTINBURNU,SEYITNIZAM MAH.,16771,14702,14462,8117,6345,87.66,98.37,56.13,43.87,48.40,37.83,1.28
3909,ZEYTINBURNU,SUMER MAH.,24823,21554,21244,9784,11460,86.83,98.56,46.06,53.94,39.42,46.17,0.85
3910,ZEYTINBURNU,TELSIZ MAH.,26257,22790,22404,11909,10495,86.80,98.31,53.16,46.84,45.36,39.97,1.13
3911,ZEYTINBURNU,VELIEFENDI MAH.,19929,17158,16858,7945,8913,86.10,98.25,47.13,52.87,39.87,44.72,0.89
3912,ZEYTINBURNU,YENIDOGAN MAH.,6986,5936,5847,3174,2673,84.97,98.50,54.28,45.72,45.43,38.26,1.19
3913,ZEYTINBURNU,YESILTEPE MAH.,14391,12381,12178,6351,5827,86.03,98.36,52.15,47.85,44.13,40.49,1.09
